Level,Attachments (Image),Manufacturer (Image),Pending Changes (Image),Has Been Redlined (Image),Has Quality(Image),Bubble Number,Item Number,Item Description,Item Rev,Qty,UOM,Item Lifecycle Phase,BOM Notes,Ref Des,Component Effective From,Component Discontinue Date,Alternate Part(s),Alternate FG Part(s),Alternate Document(s),Subclass,Sites,Planned?,Scrap Factor,OP #,Thumbnail,Attachments(Image),Manufacture Part Has Redline,Mfr. Name,Mfr. Part Number,Legacy Part #,Mfr. Part Description,Mfr. Part Lifecycle Phase,Preferred Status,Sites,Reference Notes,RoHS Compliant?,RoHS Compliance Statement,comments,page number on schematic,part added to library?,Link to part,Link to datasheet
1,TRUE,TRUE,TRUE,FALSE,FALSE,0,10022135,"CAPACITOR CERAMIC, 100NF, +/-10%, 50V, X7R,0805",C        ECO-R252633,12,Each,Production,,"C1,C3,C5,C6,C9,C12,C15,C19,C21,C24,C25,C26",,,,,,Part,CBRM,,1,,,TRUE,FALSE,YAGEO_RMS1,CC0805KRX7R9BB104,223858055649,"CAPACITOR, CERAMIC, MULTILAYER, 50 V, X7R, 0.1 UF, SURFACE MOUNT, 0805",Active,Preferred,,BRAND: PHYCOMP,Yes,Legacy Inventory Status: Cleared,,,,https://www.digikey.ca/product-detail/en/yageo/CC0805KRX7R9BB104/311-1140-2-ND/302874,https://www.yageo.com/upload/media/product/productsearch/datasheet/mlcc/UPY-GPHC_X7R_6.3V-to-50V_18.pdf
,,,,,,,,,,,,,,,,,,,,,,,,,,TRUE,FALSE,"MURATA MANUFACTURING CO., LTD.",GRM21BR71H104KA01L,,MONOLITHIC CERAMIC CAPACITOR,Active,Preferred,,,Yes,Legacy Inventory Status: Cleared,,,,https://canada.newark.com/murata/grm21br71h104ka01l/capacitor-ceramic-0-1uf-50v-x7r/dp/18X5191?CMP=AFC-SF-FC,https://datasheet.datasheetarchive.com/originals/distributors/Datasheets-319/144188.pdf
,,,,,,,,,,,,,,,,,,,,,,,,,,TRUE,FALSE,SAMSUNG_RMS1,CL21B104KBCNNNC,,MULTILAYER CERAMIC CAPACITOR,Active,Preferred,,,Yes,Legacy Inventory Status: Cleared,,,,https://canada.newark.com/samsung-electro-mechanics/cl21b104kbcnnnc/cap-0-1uf-50v-mlcc-0805/dp/82AC9428?CMP=AFC-SF-FC,
,,,,,,,,,,,,,,,,,,,,,,,,,,TRUE,FALSE,YAGEO_RMS1,CC0805KRX7R9BB104,,CAP CER .1UF 50V 10% X7R 0805,Active,Preferred,,,Yes,Legacy Inventory Status: Cleared,,,,https://www.maritex.com.pl/product/show_qr/42996,
,,,,,,,,,,,,,,,,,,,,,,,,,,TRUE,FALSE,AVX_RMS1,08055C104KAT2A,,"CAPACITOR CERAMIC, 100NF, +/-10%, 50V, X7R,0805, X7R DIELECTRIC",Active,Preferred,,,Yes,Legacy Inventory Status: Cleared,,,,https://www.questcomp.com/part/4/08055c104kat2a/3931423?utm_term=08055c104kat2a&utm_campaign=aktype0&utm_medium=industry-cpc&utm_source=findchips&utm_content=standardpricing,
1,TRUE,TRUE,TRUE,FALSE,FALSE,0,10022506,"CAPACITOR,100UF,+/-20%,50V SMD",E        ECO-R252633,1,Each,Production,,ZC2,,,,,,Part,CBRM,,1,,,TRUE,FALSE,NICHICON_RMS1,UWT1H101MNL1GS,,CAP ALUM 100UF 20% 50V SMD,,Preferred,,ROHS COMPLIANT,Yes,Legacy Inventory Status: Cleared,"Double footprint ZC2/C2 (C2=TH, ZC2=SMD)",,,https://www.digikey.com/product-detail/en/nichicon/UWT1H101MNL1GS/493-2226-1-ND/590201,https://products.nichicon.co.jp/en/pdf/XJA043/e-uwt.pdf
1,TRUE,TRUE,TRUE,FALSE,FALSE,0,10022507,"CAPACITOR CERAMIC, 2.2NF, +/-10%,50V, X7R, 0603",C        ECO-R252633,4,Each,Production,,"C7,C11,C14,C17",,,,,,Part,CBRM,,1,,,TRUE,FALSE,YAGEO_RMS1,CC0603JRX7R9BB222,223858615527,"CAPACITOR, CERAMIC, MULTILAYER, 50 V, X7R, 0.0022 UF, SURFACE MOUNT, 0603",Active,Preferred,,BRAND: PHYCOMP,Yes,Legacy Inventory Status: Cleared,,,,https://www.questcomp.com/part/4/cc0603jrx7r9bb222/128191453?utm_term=cc0603jrx7r9bb222&utm_campaign=aktype0&utm_medium=industry-cpc&utm_source=findchips&utm_content=standardpricing,
,,,,,,,,,,,,,,,,,,,,,,,,,,TRUE,FALSE,YAGEO_RMS1,CC0603KRX7R9BB222,,"CAPACITOR, CERAMIC, MULTILAYER, 50 V, X7R, 0.0022 UF, SURFACE MOUNT, 0603",Active,Preferred,,,Yes,Legacy Inventory Status: Cleared,,,,https://www.maritex.com.pl/product/show_qr/46647,
,,,,,,,,,,,,,,,,,,,,,,,,,,TRUE,FALSE,YAGEO_RMS1,223858615627,,"CAPACITOR, CERAMIC, MULTILAYER, 50 V, X7R, 0.0022 UF, SURFACE MOUNT, 0603",Active,Preferred,,BRAND: PHYCOMP,Yes,Legacy Inventory Status: Cleared,,,,https://parts.com-sit.com/findchips?part=223858615627&utm_medium=SubmitRfq&utm_source=findChips,
1,TRUE,TRUE,TRUE,FALSE,FALSE,0,10022508,"CAPACITOR CERAMIC,10NF,+/-10%,50V,0603",C        ECO-R252633,2,Each,Production,,"C8,C20",,,,,,Part,CBRM,,1,,,TRUE,FALSE,YAGEO_RMS1,223858615636,,"CAPACITOR, CERAMIC, MULTILAYER, 50 V, X7R, 0.01 UF, SURFACE MOUNT, 0603",Active,Preferred,,BRAND: PHYCOMP,Yes,Legacy Inventory Status: Cleared,,,,https://www.bristolelectronics.com/223858615636-yageo-corporation,
,,,,,,,,,,,,,,,,,,,,,,,,,,TRUE,FALSE,YAGEO_RMS1,CC0603JRX7R9BB103,223858615536,"CAPACITOR, CERAMIC, MULTILAYER, 50 V, X7R, 0.01 UF, SURFACE MOUNT, 0603",Active,Preferred,,BRAND: PHYCOMP,Yes,Legacy Inventory Status: Cleared,,,,https://canada.newark.com/yageo/cc0603jrx7r9bb103/ceramic-capacitor-0-01uf-50v-x7r/dp/65R8119?CMP=AFC-SF-FC,
,,,,,,,,,,,,,,,,,,,,,,,,,,TRUE,FALSE,KEMET_RMS1,C0603C103K5RACTU,,CERAMIC CHIP CAPACITOR,Active,Preferred,,,Yes,Legacy Inventory Status: Cleared,,,,https://canada.newark.com/kemet/c0603c103k5ractu/multilayer-ceramic-capacitor-c/dp/36X2611?CMP=AFC-SF-FC,
,,,,,,,,,,,,,,,,,,,,,,,,,,TRUE,FALSE,YAGEO_RMS1,CC0603KRX7R9BB103,,"CAPACITOR, CERAMIC, MULTILAYER, 50 V, X7R, 0.01 UF, SURFACE MOUNT, 0603",Active,Preferred,,,Yes,Legacy Inventory Status: Cleared,,,,https://canada.newark.com/yageo/cc0603krx7r9bb103/ceramic-capacitor-0-01uf-50v-x7r/dp/65R8250?CMP=AFC-SF-FC,
1,TRUE,TRUE,TRUE,FALSE,FALSE,0,10022509,"CAPACITOR,220NF,+/-10% ,50V, X7R,1206",C        ECO-R252633,3,Each,Production,,"C10,C13,C16",,,,,,Part,CBRM,,1,,,TRUE,FALSE,KEMET_RMS1,C1206C224K5RACTU,,CERAMIC CHIP CAPACITOR,Active,Preferred,,,Yes,Legacy Inventory Status: Cleared,,,,https://canada.newark.com/kemet/c1206c224k5ractu/multilayer-ceramic-capacitor-c/dp/36X2808?CMP=AFC-SF-FC,
,,,,,,,,,,,,,,,,,,,,,,,,,,TRUE,FALSE,SAMSUNG_RMS1,CL31B224KBFNNNE,,MULTILAYER CERAMIC CAPACITOR,Active,Preferred,,,Yes,Legacy Inventory Status: Cleared,,,,https://www.digikey.ca/product-detail/en/samsung-electro-mechanics/CL31B224KBFNNNE/1276-1106-1-ND/3889192?utm_campaign=buynow&utm_medium=aggregator&WT.z_cid=ref_findchips_standard&utm_source=findchips,
,,,,,,,,,,,,,,,,,,,,,,,,,,TRUE,FALSE,YAGEO_RMS1,CC1206JKX7R9BB224,,MULTILAYER CERAMIC CAPACITOR,Active,Alternate,,5% TOLERANCE.,Yes,Legacy Inventory Status: Cleared,,,,https://www.futureelectronics.com/p/5103586?utm_campaign=FindChips_NA_Inventory&utm_medium=buynow&utm_source=findchips&utm_content,
,,,,,,,,,,,,,,,,,,,,,,,,,,TRUE,FALSE,YAGEO_RMS1,CC1206KKX7R9BB224,,MULTILAYER CERAMIC CAPACITOR,Active,Preferred,,,Yes,Legacy Inventory Status: Cleared,,,,https://www.questcomp.com/part/4/cc1206kkx7r9bb224/128741002?utm_term=cc1206kkx7r9bb224&utm_campaign=aktype0&utm_medium=industry-cpc&utm_source=findchips&utm_content=standardpricing,
1,TRUE,TRUE,TRUE,FALSE,FALSE,0,10022510,"CAPACITOR,330NF,+/-10%,16V,0805,X7R",C        ECO-R252633,1,Each,Production,,C18,,,,,,Part,CBRM,,1,,,TRUE,FALSE,YAGEO_RMS1,CC0805JKX7R7BB334,222278015556,"CAPACITOR, CERAMIC, MULTILAYER, 16 V, X7R, 0.33 UF, SURFACE MOUNT, 0805",Active,Preferred,,BRAND: PHYCOMP,Yes,Legacy Inventory Status: Cleared,,,,https://www.mouser.ca/ProductDetail/Yageo/CC0805JKX7R7BB334?utm_term=CC0805JKX7R7BB334&qs=7s%252b3O6pAiyDaZQxLGZmmxw==&utm_campaign=CC0805JKX7R7BB334&utm_medium=aggregator&utm_source=findchips&utm_content=Yageo,
,,,,,,,,,,,,,,,,,,,,,,,,,,TRUE,FALSE,AVX_RMS1,0805YC334KAT2A,,"CAPACITOR, CERAMIC, MULTILAYER, 16 V, X7R, 0.33 UF, SURFACE MOUNT, 0805",Active,Preferred,,,Yes,Legacy Inventory Status: Cleared,,,,https://www.futureelectronics.com/fr/p/capacitors--ceramic-capacitors--multilayer-ceramic-capacitors/0805yc334kat2a-avx-2812303,
,,,,,,,,,,,,,,,,,,,,,,,,,,TRUE,FALSE,KEMET_RMS1,C0805C334K4RACTU,,"CAPACITOR, CERAMIC, MULTILAYER, 16 V, X7R, 0.33 UF, SURFACE MOUNT, 0805",Active,Preferred,,,Yes,Legacy Inventory Status: Cleared,,,,https://canada.newark.com/kemet/c0805c334k4ractu/mlcc-capacitor-0-33uf-16v-x7r/dp/79H0577?CMP=AFC-SF-FC,
,,,,,,,,,,,,,,,,,,,,,,,,,,TRUE,FALSE,YAGEO_RMS1,CC0805KKX7R7BB334,222278015656,"CAPACITOR, CERAMIC, MULTILAYER, 16 V, X7R, 0.33 UF, SURFACE MOUNT, 0805",Active,Preferred,,BRAND: PHYCOMP,Yes,Legacy Inventory Status: Cleared,,,,https://www.futureelectronics.com/p/8407157?utm_campaign=FindChips_NA_Inventory&utm_medium=buynow&utm_source=findchips&utm_content,
,,,,,,,,,,,,,,,,,,,,,,,,,,TRUE,FALSE,YAGEO_RMS1,CC0805KKX7R7BB334,,"CAPACITOR, CERAMIC, MULTILAYER, 16 V, X7R, 0.33 UF, SURFACE MOUNT, 0805",Active,Preferred,,,Yes,Legacy Inventory Status: Cleared,,,,https://www.futureelectronics.com/p/8407157?utm_campaign=FindChips_NA_Inventory&utm_medium=buynow&utm_source=findchips&utm_content,
1,FALSE,TRUE,TRUE,FALSE,FALSE,0,10022514,"DIODE ZENER, 3W-600W,30V,SMB",D        EC103617,7,Each,Production,,"D1,D18,D19,D20,D21,D22,D23",,,,,,Part,CBRM,,1,,,TRUE,FALSE,VISHAY,BZG03C30-HM3-08,,"DIODE, ZENER, 30VZ, 25MA IZ, 3W, SMA, 7"" REEL",Active,Alternate,,,Yes - by exemption,RoHS exemption 7(a),PCB Footprint is SMB!,,,https://www.mouser.ca/ProductDetail/Vishay-Semiconductors/BZG03C30-HM3-08?utm_term=BZG03C30-HM3-08&qs=j%252b1pi9TdxUZncFJWabUyWg==&utm_campaign=BZG03C30-HM3-08&utm_medium=aggregator&utm_source=findchips&utm_content=Vishay,http://www.vishay.com/docs/86138/bzg03c-m-series.pdf
,,,,,,,,,,,,,,,,,,,,,,,,,,TRUE,FALSE,VISHAY,BZG03C30-M3-08,,"DIODE, ZENER, 30VZ, 25MA IZ, 3W, SMA, 7"" REEL",Active,Alternate,,,Yes - by exemption,RoHS exemption 7(a),,,,https://www.mouser.ca/ProductDetail/Vishay-Semiconductors/BZG03C30-M3-08?utm_term=BZG03C30-M3-08&qs=j%252b1pi9TdxUYyPhIFzf%252bW1Q==&utm_campaign=BZG03C30-M3-08&utm_medium=aggregator&utm_source=findchips&utm_content=Vishay,http://www.vishay.com/docs/86138/bzg03c-m-series.pdf
,,,,,,,,,,,,,,,,,,,,,,,,,,TRUE,FALSE,VISHAY,BZG03C30-HM3-18,,"DIODE, ZENER, 30VZ, 25MA IZ, 3W, SMA, 18"" REEL",Active,Alternate,,,Yes - by exemption,RoHS exemption 7(a),,,,https://www.mouser.ca/ProductDetail/Vishay-Semiconductors/BZG03C30-HM3-18?utm_term=BZG03C30-HM3-18&qs=j%252b1pi9TdxUYMq7TvoJRLeg==&utm_campaign=BZG03C30-HM3-18&utm_medium=aggregator&utm_source=findchips&utm_content=Vishay,http://www.vishay.com/docs/86138/bzg03c-m-series.pdf
,,,,,,,,,,,,,,,,,,,,,,,,,,TRUE,FALSE,VISHAY_RMS1,BZG03C30TR3,,"DIODE, ZENER, 30VZ, 25MA IZ, 3W, SMA",Active,Alternate,,,Yes - by exemption,RoHS exemption 7(a),,,,https://www.alliedelec.com/product/siliconix-vishay/bzg03c30tr3/70616651/?utm_source=findchips&utm_medium=part_sourcing&utm_campaign=partsourcing_findchips,http://www.vishay.com/docs/86138/bzg03c-m-series.pdf
,,,,,,,,,,,,,,,,,,,,,,,,,,TRUE,FALSE,VISHAY_RMS1,BZG03C30TR,,"DIODE, ZENER, 30VZ, 25MA IZ, 3W, SMA",Active,Preferred,,,Yes - by exemption,RoHS exemption 7(a),,,,https://parts.com-sit.com/findchips?part=BZG03C30TR&utm_medium=SubmitRfq&utm_source=findChips,http://www.vishay.com/docs/86138/bzg03c-m-series.pdf
,,,,,,,,,,,,,,,,,,,,,,,,,,TRUE,FALSE,VISHAY,BZG03C30-M3-18,,"DIODE, ZENER, 30VZ, 25MA IZ, 3W, SMA, 18"" REEL",Active,Alternate,,,Yes - by exemption,RoHS exemption 7(a),,,,https://www.mouser.ca/ProductDetail/Vishay-Semiconductors/BZG03C30-M3-18?utm_term=BZG03C30-M3-18&qs=j%252b1pi9TdxUYGbKk0C%2FJBWA==&utm_campaign=BZG03C30-M3-18&utm_medium=aggregator&utm_source=findchips&utm_content=Vishay,http://www.vishay.com/docs/86138/bzg03c-m-series.pdf
1,TRUE,TRUE,TRUE,FALSE,FALSE,0,10022515,"DIODE SCHOTTKY, 500MA,40V,SOD323",C        ECO-R252633,6,Each,Production,,"D2,D3,D4,D5,D6,D7",,,,,,Part,CBRM,,1,,,TRUE,FALSE,NXP SEMICONDUCTORS_RMS1,"PMEG4005AEA,115",,VERY LOW VF MEGA SCHOTTKY BARRIER RECTIFIERS,Active,Preferred,,,Yes,Legacy Inventory Status: Cleared,,,,https://canada.newark.com/nexperia/pmeg4005aea-115/schottky-diode-500ma-40v-sod-323/dp/75R0881?CMP=AFC-SF-FC,https://assets.nexperia.com/documents/data-sheet/PMEG4005AEA.pdf
,,,,,,,,,,,,,,,,,,,,,,,,,,TRUE,FALSE,NXP SEMICONDUCTORS_RMS1,PMEG4005AEA,,VERY LOW VF MEGA SCHOTTKY BARRIER RECTIFIERS,Active,Preferred,,,Yes,Legacy Inventory Status: Cleared,,,,https://www.questcomp.com/part/4/pmeg4005aea/311949941?utm_term=pmeg4005aea&utm_campaign=aktype0&utm_medium=industry-cpc&utm_source=findchips&utm_content=standardpricing,https://assets.nexperia.com/documents/data-sheet/PMEG4005AEA.pdf
1,TRUE,TRUE,TRUE,FALSE,FALSE,0,10022517,"DIODE ZENER, 15V, 500MW,SOD80",C        ECO-R252633,3,Each,Production,,"D11,D12,D13",,,,,,Part,CBRM,,1,,,TRUE,FALSE,NXP SEMICONDUCTORS_RMS1,BZV55-C15,,VOLTAGE REGULATOR DIODE,Active,Preferred,,"ROHS EXEMPTION :5  LEAD IN GLASS OF CATHODE RAY TUBES, ELECTRONIC COMPONENTS AND FLUORESC",Yes - by exemption,Legacy Inventory Status: Cleared,,,,https://canada.newark.com/nexperia/bzv55-c15/zener-diode-500mw-15-6v-sod-80c/dp/96K7262?CMP=AFC-SF-FC,https://assets.nexperia.com/documents/data-sheet/BZV55_SER.pdf
,,,,,,,,,,,,,,,,,,,,,,,,,,TRUE,FALSE,NXP SEMICONDUCTORS_RMS1,"BZV55-C15,115",,VOLTAGE REGULATOR DIODE,Active,Preferred,,"ROHS EXEMPTION :5  LEAD IN GLASS OF CATHODE RAY TUBES, ELECTRONIC COMPONENTS AND FLUORESC",Yes - by exemption,Legacy Inventory Status: Cleared,,,,https://www.rocelec.com/part/NEXNXPBZV55-C15115?utm_medium=buyNow&utm_source=findChips,https://assets.nexperia.com/documents/data-sheet/BZV55_SER.pdf
1,TRUE,TRUE,TRUE,FALSE,FALSE,0,10022518,"DIODE SCHOTTKY, 200MA,30V,SOD23DIO",C        ECO-R252633,4,Each,Production,,"D14,D15,D16,D24",,,,,,Part,CBRM,,1,,,TRUE,FALSE,NXP SEMICONDUCTORS_RMS1,"BAT54S,215",,VOLTAGE REGULATOR DIODE,Active,Preferred,,,Yes,Legacy Inventory Status: Cleared,,,,https://www.rocelec.com/part/NEXNXPBAT54S215?utm_medium=buyNow&utm_source=findChips,https://assets.nexperia.com/documents/data-sheet/BAT54_SER.pdf
,,,,,,,,,,,,,,,,,,,,,,,,,,TRUE,FALSE,NXP SEMICONDUCTORS_RMS1,BAT54S,,SCHOTTKY BARRIER (DOUBLE) DIODE,Active,Preferred,,,Yes,Legacy Inventory Status: Cleared,,,,https://www.maritex.com.pl/product/show_qr/13224,https://assets.nexperia.com/documents/data-sheet/BAT54_SER.pdf
1,TRUE,TRUE,TRUE,FALSE,FALSE,0,10022519,"DIODE SCHOTTKY, 15A, 45V,TO-252",B        ECO-R252633,1,Each,Production,,D17,,,,,,Part,CBRM,,1,,,TRUE,FALSE,ST MICROELECTRONIC,STPS15L45CB-TR,,LOW DROP POWER SCHOTTKY RECTIFIER,Active,Preferred,,EXEMPTION - 7A,Yes - by exemption,Legacy Inventory Status: Cleared,,,,https://www.digikey.ca/product-detail/en/stmicroelectronics/STPS15L45CB-TR/497-6575-1-ND/1865321?utm_campaign=buynow&utm_medium=aggregator&WT.z_cid=ref_findchips_standard&utm_source=findchips,https://www.st.com/content/ccc/resource/technical/document/datasheet/b7/c8/02/28/2f/f6/47/20/CD00002833.pdf/files/CD00002833.pdf/jcr:content/translations/en.CD00002833.pdf
1,TRUE,TRUE,TRUE,FALSE,FALSE,0,10022531,FUSE 5A + SUPPORT CMS,B        ECO-R252633,1,Each,Production,,F1,,,,,,Part,CBRM,,1,,,TRUE,FALSE,LITTELFUSE_RMS1,0154005.DR,,SURFACE MOUNT FUSE,Active,Preferred,,"EX-EMPTION 7A, LEAD IN HIGH MELTING TEMPERATURE TYPE SOLDERS ? I.E., LEAD-BASED ALLOYS CONTAINING 85% BY WEIGHT OR MORE LEAD) AND:",Yes - by exemption,Legacy Inventory Status: Cleared,,,,https://canada.newark.com/littelfuse/0154005-dr/fuse-smd-5a-very-fast-acting/dp/08AC3439?CMP=AFC-SF-FC,https://www.littelfuse.com/~/media/electronics/datasheets/fuses/littelfuse_fuse_154_154t_154l_154tl_datasheet.pdf.pdf
1,TRUE,TRUE,TRUE,FALSE,FALSE,0,10022533,"FILTER, 1K, 100MHZ, 0.8OHM, 50MA, 0603",B        ECO-R252633,7,Each,Production,,"FI3,FI4,FI5,FI6,FI7,FI8,FI9",,,,,,Part,CBRM,,1,,,TRUE,FALSE,WURTH ELEKTRONIK GMBH,74279266,,MULTILAYER-SMD-FERRITE,Active,Preferred,,,Yes,Legacy Inventory Status: Cleared,,,,https://canada.newark.com/wurth-elektronik/74279266/ferrite-bead-1k-0-2a-0603/dp/24AC5680?CMP=AFC-SF-FC,https://www.we-online.de/katalog/datasheet/74279266.pdf
1,TRUE,TRUE,TRUE,FALSE,FALSE,0,10022534,IC BRUSHLESS DC MOTOR CONTROLLER,C        ECO-R252633,1,Each,Production,,IC1,,,,,,Part,CBRM,,1,,,TRUE,FALSE,ON SEMICONDUCTOR_RMS1,MC33035DWR2G,,IC CTRLR MOTOR DC BRSHLSS 24SOIC,Active,Preferred,,,Yes,Legacy Inventory Status: Cleared,,,,https://www.questcomp.com/part/4/mc33035dwr2g/256607755?utm_term=mc33035dwr2g&utm_campaign=aktype0&utm_medium=industry-cpc&utm_source=findchips&utm_content=standardpricing,https://www.onsemi.com/pub/Collateral/MC33035-D.PDF
,,,,,,,,,,,,,,,,,,,,,,,,,,TRUE,FALSE,ON SEMICONDUCTOR_RMS1,MC33035DWG,,BRUSHLESS DC MOTOR CONTROLLER,Active,Preferred,,,Yes,Legacy Inventory Status: Cleared,,,,https://www.futureelectronics.com/p/3302924?utm_campaign=FindChips_NA_Inventory&utm_medium=buynow&utm_source=findchips&utm_content,https://www.onsemi.com/pub/Collateral/MC33035-D.PDF
1,TRUE,TRUE,TRUE,FALSE,FALSE,0,10022536,SINGLE CHANNEL MOSFET DRIVER,C        ECO-R252633,3,Each,Production,,"IC3,IC4,IC5",,,,,,Part,CBRM,,1,,,TRUE,FALSE,INFINEON_RMS1,IR2118SPBF,,SINGLE CHANNEL DRIVER,Active,Preferred,,EXEMPT AS PER ANNEX 7C,Yes - by exemption,Legacy Inventory Status: Cleared,,,,https://www.rocelec.com/part/ROCINFIR2118SPBF?utm_medium=buyNow&utm_source=findChips,https://www.infineon.com/dgdl/ir2117.pdf?fileId=5546d462533600a4015355c84331168d
,,,,,,,,,,,,,,,,,,,,,,,,,,TRUE,FALSE,INFINEON_RMS1,IR2118STRPBF,,SINGLE CHANNEL DRIVER,Active,Preferred,,EXEMPT AS PER ANNEX 7C,Yes - by exemption,Legacy Inventory Status: Cleared,,,,https://www.rocelec.com/part/INFINFIR2118STRPBF?utm_medium=buyNow&utm_source=findChips,https://www.infineon.com/dgdl/ir2117.pdf?fileId=5546d462533600a4015355c84331168d
,,,,,,,,,,,,,,,,,,,,,,,,,,,,INFINEON_RMS1,IR2118STRPBF,,SINGLE CHANNEL DRIVER,,,,,,,,,,https://www.avnet.com/shop/emea/products/infineon/ir2118spbf-3074457345632878793/,https://www.infineon.com/dgdl/ir2117.pdf?fileId=5546d462533600a4015355c84331168d
1,TRUE,TRUE,TRUE,FALSE,FALSE,0,10022537,"IC, VOLTAGE REGULATOR, 15V,500MA,DPACK",B        ECO-R252633,1,Each,Production,,IC6,,,,,,Part,CBRM,,1,,,TRUE,FALSE,STMICROELECTRONICS,L78M15CDT,,POSITIVE VOLTAGE REGULATOR,Active,Preferred,,EXEMPTION - 7A,Yes - by exemption,Legacy Inventory Status: Cleared,,,,https://www.questcomp.com/part/4/l78m15cdt/227634609?utm_term=l78m15cdt&utm_campaign=aktype0&utm_medium=industry-cpc&utm_source=findchips&utm_content=standardpricing,https://www.st.com/content/ccc/resource/technical/document/datasheet/d7/5f/dc/5c/d5/b6/48/7c/CD00000447.pdf/files/CD00000447.pdf/jcr:content/translations/en.CD00000447.pdf
,,,,,,,,,,,,,,,,,,,,,,,,,,TRUE,FALSE,STMICROELECTRONICS,L78M15CDT-TR,,POSITIVE VOLTAGE REGULATOR,Active,Preferred,,EXEMPTION - 7A,Yes - by exemption,Legacy Inventory Status: Cleared,,,,https://canada.newark.com/stmicroelectronics/l78m15cdt-tr/linear-voltage-regulator-15v-d/dp/89K1372?CMP=AFC-SF-FC,https://www.st.com/content/ccc/resource/technical/document/datasheet/d7/5f/dc/5c/d5/b6/48/7c/CD00000447.pdf/files/CD00000447.pdf/jcr:content/translations/en.CD00000447.pdf
1,TRUE,TRUE,TRUE,FALSE,FALSE,0,10022538,"CONNECTOR, 2 CONTACTS,MICROFIT 3.0",B        ECO-R252633,1,Each,Production,,J1,,,,,,Part,CBRM,,1,,,TRUE,FALSE,MOLEX_RMS1,436500212,,CONNECTOR,Active,Preferred,,,Yes,Legacy Inventory Status: Cleared,,,,https://www.bristolelectronics.com/436500212-molex,https://www.molex.com/pdm_docs/ps/PS-43650.pdf
1,TRUE,TRUE,TRUE,FALSE,FALSE,0,10022541,"COPPER WIRE, SWG20 DIA: 0.91",B        ECO-R252633,1,Each,Production,,J4,,,,,,Part,CBRM,,1,,,TRUE,FALSE,RS COMPONENTS LIMITED,355063,,TINNED ANNEALED COPPER WIRE,Active,Preferred,,,Yes,Legacy Inventory Status: Cleared,,,,https://www.alliedelec.com/product/rs-pro-by-allied/355063/70825757/?utm_campaign=partsourcing_findchips&utm_medium=part_sourcing&utm_source=findchips,https://www.alliedelec.com/m/d/594d7670840e338766677370df3c5f93.pdf
1,TRUE,TRUE,TRUE,FALSE,FALSE,0,10022542,"CONNECTOR, O2 VALVE, 2 CONTACTS",C        ECO-R252633,1,Each,Production,,J3,,,,,,Part,CBRM,,1,,,TRUE,FALSE,MOLEX_RMS1,22057028,,,Active,Preferred,,,Yes,Legacy Inventory Status: Cleared,,,,https://store.nacsemi.com/Products/Detail?auth=n&utm_campaign=listing&part=22057028&utm_medium=aggregator&Mfr=MOLEX&stock=XSKDRABA0005648&utm_source=findchips&utm_content=textlink,https://www.molex.com/pdm_docs/sd/022057028_sd.pdf
1,TRUE,TRUE,TRUE,FALSE,FALSE,0,10022543,"CONNECTOR,8 CONTACTS, 2.54PIN PITCH",C        ECO-R252633,1,Each,Production,,J6,,,,,,Part,CBRM,,1,,,TRUE,FALSE,MOLEX_RMS1,22057088,,,Active,Preferred,,,Yes,Legacy Inventory Status: Cleared,,,,https://store.nacsemi.com/Products/Detail?auth=n&utm_campaign=listing&part=22057088&utm_medium=aggregator&Mfr=MOLEX&stock=XSKDRABA0005658&utm_source=findchips&utm_content=textlink,https://www.molex.com/pdm_docs/sd/022057088_sd.pdf
1,TRUE,TRUE,TRUE,FALSE,FALSE,0,10022547,"RESISTOR, 0.047 OHM, 1W, +/-5%,2512",C        ECO-R252633,1,Each,Production,,R1,,,,,,Part,CBRM,,1,,,TRUE,FALSE,YAGEO_RMS1,RL2512JK-070R047L,,"RESISTOR, CURRENT SENSE, METAL GLAZE/THICK FILM, 1 W, 5 %, 1200 PPM, 0.047 OHM, SURFACE MOUNT, 2512",Active,Preferred,,EU ROHS (2010/571/EU) 7( C )-1 & SS-00259 EXEMPTION:  ELECTRICAL AND ELECTRONIC COMPONENTS CONTAINING LEAD IN A GLASS ARE ACCEPTABLE.,Yes - by exemption,Legacy Inventory Status: Cleared,,,,https://www.avnet.com/shop/us/products/yageo/rl2512jk-070r047l-3074457345639806529?CMP=EMA_FindChips_inventoryfeed_VSE,
,,,,,,,,,,,,,,,,,,,,,,,,,,TRUE,FALSE,YAGEO_RMS1,RL2512JK-070R047L,232276290470L,"RESISTOR, CURRENT SENSE, METAL GLAZE/THICK FILM, 1 W, 5 %, 1200 PPM, 0.047 OHM, SURFACE MOUNT, 2512",Active,Preferred,,BRAND: PHYCOMP. EU ROHS (2010/571/EU) 7( C )-1 & SS-00259 EXEMPTION:  ELECTRICAL AND ELECTRONIC COMPONENTS CONTAINING LEAD IN A GLASS ARE ACCEPTABLE.,Yes - by exemption,Legacy Inventory Status: Cleared,,,,https://www.avnet.com/shop/us/products/yageo/rl2512jk-070r047l-3074457345639806529?CMP=EMA_FindChips_inventoryfeed_VSE,
,,,,,,,,,,,,,,,,,,,,,,,,,,TRUE,FALSE,VISHAY_RMS1,WSL2512R0470JEA,,POWER METAL STRIP LOW VALUE RESISTOR,Active,Preferred,,,Yes,Legacy Inventory Status: Cleared,,,,https://www.avnet.com/shop/emea/products/vishay/wsl2512r0470jea-3074457345630484178?CMP=EMEA_FindChips_inventoryfeed_VSE,
,,,,,,,,,,,,,,,,,,,,,,,,,,TRUE,FALSE,VISHAY_RMS1,WSL2512R0470FEA,,LOW VALUE SURFACE MOUNT RESISTOR,Active,Preferred,,1% TOL.,Yes,Legacy Inventory Status: Cleared,,,,https://www.mouser.ca/ProductDetail/Vishay-Dale/WSL2512R0470FEA?utm_term=WSL2512R0470FEA&qs=fncU5wK7Cm%252bKNpPJjxRQpw==&utm_campaign=WSL2512R0470FEA&utm_medium=aggregator&utm_source=findchips&utm_content=Vishay,
1,TRUE,TRUE,TRUE,FALSE,FALSE,0,10022549,"RESISTOR,100KOHM,0.063W,+/-1%,0603",C        ECO-R252633,3,Each,Production,,"R3,R4,R7",,,,,,Part,CBRM,,1,,,TRUE,FALSE,YAGEO_RMS1,RC0603FR-07100KL,232270461004L,"RESISTOR, METAL GLAZE/THICK FILM, 0.1 W, 1 %, 100 PPM, 100000 OHM, SURFACE MOUNT, 0603",Active,Preferred,,BRAND: PHYCOMP.ROHS EXEMPTION - 7(C)-1,Yes,Legacy Inventory Status: Cleared,,,,https://canada.newark.com/yageo/rc0603fr-07100kl/surface-mount-thick-film-resistor/dp/75X0140?CMP=AFC-SF-FC,
,,,,,,,,,,,,,,,,,,,,,,,,,,TRUE,FALSE,BOURNS_RMS1,CR0603-FX-1003ELF,,GENERAL PURPOSE CHIP RESISTOR,Active,Preferred,,ROHS EXEMPTION - 7(C)-1,Yes,Legacy Inventory Status: Cleared,,,,https://canada.newark.com/bourns/cr0603-fx-1003elf/res-thick-film-100k-1-0-1w-0603/dp/84W7235?CMP=AFC-SF-FC,
,,,,,,,,,,,,,,,,,,,,,,,,,,TRUE,FALSE,YAGEO_RMS1,RC0603FR-07100KL,,"RESISTOR, METAL GLAZE/THICK FILM, 0.1 W, 1 %, 100 PPM, 100000 OHM, SURFACE MOUNT, 0603",Active,Preferred,,ROHS EXEMPTION - 7(C)-1,Yes - by exemption,RoHS compliant with 7(c)-I exemption and the exemption will be expired in 21 July 2021 for medical devices,,,,https://canada.newark.com/yageo/rc0603fr-07100kl/surface-mount-thick-film-resistor/dp/75X0140?CMP=AFC-SF-FC,
1,TRUE,TRUE,TRUE,FALSE,FALSE,0,10022550,"RESISTOR,680OHM, 0.063W, +/-1%,0603",C        ECO-R252633,3,Each,Production,,"R6,R9,R10",,,,,,Part,CBRM,,1,,,TRUE,FALSE,YAGEO_RMS1,RC0603FR-07680RL,232270466801L,"RESISTOR, METAL GLAZE/THICK FILM, 0.1 W, 1 %, 100 PPM, 680 OHM, SURFACE MOUNT, 0603",Active,Preferred,,ROHS EXEMPTION -7(C)-1,Yes - by exemption,Legacy Inventory Status: Cleared,,,,https://www.futureelectronics.com/p/1673656?utm_source=octopart.com&utm_medium=cpcbuynow&utm_content=instock&utm_campaign=Octopart_Ext_Referals,
,,,,,,,,,,,,,,,,,,,,,,,,,,TRUE,FALSE,BOURNS_RMS1,CR0603-FX-6800ELF ,,"RESISTOR, METAL GLAZE/THICK FILM, 0.1 W, 1 %, 100 PPM, 680 OHM, SURFACE MOUNT, 0603",Active,Preferred,,BRAND: PHYCOMP.ROHS EXEMPTION -7(C)-1,Yes - by exemption,Legacy Inventory Status: Cleared,,,,https://www.arrow.com/en/products/cr0603-fx-6800elf/bourns,
,,,,,,,,,,,,,,,,,,,,,,,,,,TRUE,FALSE,BOURNS_RMS1,CR0603-FX-6800ELF ,,"RESISTOR, METAL GLAZE/THICK FILM, 0.1 W, 1 %, 100 PPM, 680 OHM, SURFACE MOUNT, 0603",Active,Preferred,,ROHS EXEMPTION -7(C)-1,Yes - by exemption,Legacy Inventory Status: Cleared,,,,https://www.newark.com/yageo/rc0603fr-07680rl/surface-mount-thick-film-resistor/dp/75X0158?st=RC0603FR-07680RL,
1,TRUE,TRUE,TRUE,FALSE,FALSE,0,10022555,"RESISTOR,0.1 OHM,1W,+/-5%,2512",C        ECO-R252633,1,Each,Production,,R40,,,,,,Part,CBRM,,1,,,TRUE,FALSE,BOURNS_RMS1,CRL2512-JW-R100ELF ,,ULTRA LOW RESISTANCE CHIP RESISTOR,Active,Preferred,,ROHS EXEMPTION:7(C)-1,Yes - by exemption,Legacy Inventory Status: Cleared,,,,https://www.newark.com/bourns/crl2512-jw-r100elf/res-thick-film-0r1-5-1w-2512-reel/dp/06X5095,
,,,,,,,,,,,,,,,,,,,,,,,,,,TRUE,FALSE,YAGEO_RMS1,RL2512JK-070R1L,,"RESISTOR, CURRENT SENSE, METAL GLAZE/THICK FILM, 1 W, 5 %, 600 PPM, 0.1 OHM, SURFACE MOUNT, 2512",Active,Preferred,,ROHS EXEMPTION:7(C)-1,Yes - by exemption,Legacy Inventory Status: Cleared,,,,https://www.futureelectronics.com/p/8783649?utm_campaign=FindChips_NA_Inventory&utm_medium=buynow&utm_source=findchips&utm_content,
,,,,,,,,,,,,,,,,,,,,,,,,,,TRUE,FALSE,VISHAY_RMS1,WSL2512R1000JEA,,POWER METAL STRIP RESISTOR,Active,Preferred,,,Yes,Legacy Inventory Status: Cleared,,,,https://www.avnet.com/shop/emea/products/vishay/wsl2512r1000jea-3074457345629215181?CMP=EMEA_FindChips_inventoryfeed_VSE,
,,,,,,,,,,,,,,,,,,,,,,,,,,TRUE,FALSE,VISHAY_RMS1,WSL2512R1000FEA,,LOW VALUE SURFACE MOUNT CAPACITOR,Active,Preferred,,1% TOL.,Yes,Legacy Inventory Status: Cleared,,,,https://www.mouser.ca/ProductDetail/Vishay-Dale/WSL2512R1000FEA?utm_term=WSL2512R1000FEA&qs=ViWNInbc%252beVuqDCpvibv1w==&utm_campaign=WSL2512R1000FEA&utm_medium=aggregator&utm_source=findchips&utm_content=Vishay,
,,,,,,,,,,,,,,,,,,,,,,,,,,TRUE,FALSE,YAGEO_RMS1,RL2512JK-070R1L,232276260107L,"RESISTOR, CURRENT SENSE, METAL GLAZE/THICK FILM, 1 W, 5 %, 600 PPM, 0.1 OHM, SURFACE MOUNT, 2512",Active,Preferred,,BRAND: PHYCOMP.ROHS EXEMPTION:7(C)-1,Yes - by exemption,Legacy Inventory Status: Cleared,,,,https://www.futureelectronics.com/p/8783649?utm_campaign=FindChips_NA_Inventory&utm_medium=buynow&utm_source=findchips&utm_content,
1,TRUE,TRUE,TRUE,FALSE,FALSE,0,10022558,"TRANSISTOR MOSFET, 30V, 0.93A, 0.25 OHM, N CHANNEL",B        ECO-R252633,3,Each,Production,,"T1,T8,T10",,,,,,Part,CBRM,,1,,,TRUE,FALSE,INTERNATIONAL RECTIFIER_RMS1,IRLML2803PBF,,"MOSFET, N-CH 30 V 850 mA 0.3 ohm SOT-23",Active,Preferred,,EXEMPT AS PER 7C,Yes - by exemption,Legacy Inventory Status: Cleared,,,,https://www.questcomp.com/part/4/irlml2803pbf/224906135?utm_term=irlml2803pbf&utm_campaign=aktype0&utm_medium=industry-cpc&utm_source=findchips&utm_content=standardpricing,https://www.infineon.com/dgdl/irlml2803pbf.pdf?fileId=5546d462533600a4015356682aff260f
,,,,,,,,,,,,,,,,,,,,,,,,,,TRUE,FALSE,INTERNATIONAL RECTIFIER_RMS1,IRLML2803TRPBF,,"MOSFET, N-CH 30 V 850 mA 0.3 ohm SOT-23",Active,Preferred,,TAPE & REEL.EXEMPT AS PER 7C,Yes - by exemption,Legacy Inventory Status: Cleared,,,,https://canada.newark.com/infineon/irlml2803trpbf/n-channel-mosfet-30v-1-2a-sot/dp/97K2352?ost=9102701&CMP=GRHB-SF-FC&ddkey=https%3Aen-CA%2FElement14_Canada%2Fw%2Fsearch,https://www.infineon.com/dgdl/irlml2803pbf.pdf?fileId=5546d462533600a4015356682aff260f
1,TRUE,TRUE,TRUE,FALSE,FALSE,0,10022559,"TRANSISTOR MOSFET, 60V, 16.7A,  N CHANNEL",B        ECO-R252633,6,Each,Production,,"T2,T3,T4,T5,T6,T7",,,,,,Part,CBRM,,1,,,TRUE,FALSE,INTERNATIONAL RECTIFIER_RMS1,IRFR024NTRPBF,,MOSFET N-CH 55V 17A DPAK,Active,Preferred,,EXEMPT AS PER 7(C),Yes - by exemption,Legacy Inventory Status: Cleared,Double footprint T2-T7/ZT2-ZT7 (TH/SMD),,,https://www.tme.eu/en/details/irfr024ntrpbf/smd-n-channel-transistors/infineon-irf/?utm_campaign=compare-2020-04&utm_medium=cpc&utm_source=findchips.com,https://www.infineon.com/dgdl/irfr024npbf.pdf?fileId=5546d462533600a40153562cf721203c
1,TRUE,TRUE,TRUE,FALSE,FALSE,0,10022561,"CAPACITOR TANTALUM,22UF,+/-10%,35V",D        ECO-R252633,1,Each,Production,,C4,,,,,,Part,CBRM,,1,,,TRUE,FALSE,AVX_RMS1,TAJD226K035R,,TAJ SERIES STANDARD TANTALUM,Active,Preferred,,,Yes,Legacy Inventory Status: Cleared,,,,https://www.questcomp.com/part/4/tajd226k035r/393053315?utm_term=tajd226k035r&utm_campaign=aktype0&utm_medium=industry-cpc&utm_source=findchips&utm_content=standardpricing,http://datasheets.avx.com/TAJ.pdf
,,,,,,,,,,,,,,,,,,,,,,,,,,TRUE,FALSE,AVX_RMS1,TAJD226K035RNJ,,STANDARD TANTALUM,Active,Preferred,,,Yes,Legacy Inventory Status: Cleared,,,,https://www.questcomp.com/part/4/tajd226k035rnj/393053316?utm_term=tajd226k035rnj&utm_campaign=aktype0&utm_medium=industry-cpc&utm_source=findchips&utm_content=standardpricing,http://datasheets.avx.com/TAJ.pdf
,,,,,,,,,,,,,,,,,,,,,,,,,,TRUE,FALSE,KEMET_RMS1,T491D226K035AT,,"CAPACITOR TANTALUM, 22UF, +/-10%, 35V",Active,Preferred,,,Yes,Legacy Inventory Status: Cleared,,,,https://www.arrow.com/en/products/t491d226k035at/kemet-corporation,https://content.kemet.com/datasheets/KEM_T2005_T491.pdf
1,TRUE,TRUE,TRUE,FALSE,FALSE,0,10022562,"DIODE SCHOTTKY, 1A, 200V,SMA",C        ECO-R252633,3,Each,Production,,"D8,D9,D10",,,,,,Part,CBRM,,1,,,TRUE,FALSE,VISHAY_RMS1,ES1D-E3/5AT,,SURFACE MOUNT ULTRAFAST PLASTIC RECTIFIER,Active,Preferred,,ROHS COMPLIANT,Yes,Legacy Inventory Status: Cleared,,,,https://canada.newark.com/vishay/es1d-e3-5at/rectifier-single-1a-200v-do-214ac/dp/60AC3646?CMP=AFC-SF-FC,http://www.vishay.com/docs/88586/es1.pdf
,,,,,,,,,,,,,,,,,,,,,,,,,,TRUE,FALSE,VISHAY_RMS1,ES1D-E3/61T,,SURFACE MOUNT ULTRAFAST PLASTIC RECTIFIER,Active,Preferred,,,Yes,Legacy Inventory Status: Cleared,,,,https://canada.newark.com/vishay/es1d-e3-61t/ultrafast-diode-1a-200v-do-214ac/dp/76K4800?CMP=AFC-SF-FC,http://www.vishay.com/docs/88586/es1.pdf
,,,,,,,,,,,,,,,,,,,,,,,,,,TRUE,FALSE,FAIRCHILD SEMICONDUCTOR_RMS1,ES1D,,SURFACE MOUNT ULTRAFAST PLASTIC RECTIFIER,Active,Preferred,,ROHS COMPLIANT WITH EXEMPTIONS 7A.LEAD IN HIGH MELTING TEMPERATURE TYPE SOLDERS (I.E. LEAD BASED SOLDER ALLOYS  CONTAINING 85 % BY WEIGHT OR MORE LEAD).,Yes - by exemption,Legacy Inventory Status: Cleared,,,,https://www.maritex.com.pl/product/show_qr/32234,https://www.onsemi.com/pub/Collateral/ES1D-D.PDF
1,TRUE,TRUE,TRUE,FALSE,FALSE,0,10022924,TEST POINT,B        ECO-R252633,1,Each,Production,,PT1,,,,,,Part,CBRM,,1,,,TRUE,FALSE,NICOMATIC_RMS1,C12000B,,TEST POINT,Active,Preferred,,,Yes,Legacy Inventory Status: Cleared,,,,,
,,,,,,,,,,,,,,,,,,,,,,,,,,TRUE,FALSE,KEYSTONE ELECTRONICS CORP,5015,,PC TEST POINT MINIATURE SMT,Active,Preferred,,,Yes,Legacy Inventory Status: Cleared,,,,https://www.futureelectronics.com/p/8064685?utm_source=octopart.com&utm_medium=cpcbuynow&utm_content=instock&utm_campaign=Octopart_Ext_Referals,https://www.keyelco.com/userAssets/file/M65p55.pdf
1,TRUE,TRUE,TRUE,FALSE,FALSE,0,10052305,"PCB CONNECTOR HE10, 10 PINS",B        ECO-R252633,1,Each,Production,,J2,,,,,,Part,CBRM,,1,,,TRUE,FALSE,3M_RMS1,7810-0000PR,,,Active,Preferred,,,Yes,Legacy Inventory Status: Cleared,,,,https://estore.heilind.com/partdetail.asp?pn=7810%2D0000PR&dp=MMM7000090296&utm_source=findchipsam&utm_medium=buy,
1,TRUE,TRUE,TRUE,FALSE,FALSE,0,10095969,"CAPACITOR,470UF, +/-20%,25V",A        ECO-R252633,1,Each,Production,,ZC27,,,,,,Part,CBRM,,1,,,TRUE,FALSE,PANASONIC_RMS1,EEEFK1E471P,,CAP ALUM 470UF 20% 25V SMD,Active,Preferred,,,Yes,Legacy Inventory Status: Cleared,"Double footprint ZC27/C27 (C27=TH, ZC27=SMD)",,,https://www.questcomp.com/part/4/eeefk1e471p/179438963?utm_term=eeefk1e471p&utm_campaign=aktype0&utm_medium=industry-cpc&utm_source=findchips&utm_content=standardpricing,https://industrial.panasonic.com/cdbs/www-data/pdf/RDE0000/ABA0000C1181.pdf
,,,,,,,,,,,,,,,,,,,,,,,,,,TRUE,FALSE,NICHICON_RMS1,UCD1E471MNL1GS,,CAP ALUM 470UF 20% 25V SMD,Active,Preferred,,,Yes,Legacy Inventory Status: Cleared,,,,https://www.digikey.com/product-detail/en/nichicon/UCD1E471MNL1GS/493-6386-2-ND/2549672,https://www.nichicon.co.jp/english/products/pdfs/e-ucd.pdf
1,TRUE,TRUE,TRUE,FALSE,FALSE,0,10095970,IC TIMER,A        ECO-R252633,1,Each,Production,,IC2,,,,,,Part,CBRM,,1,,,TRUE,FALSE,TEXAS INSTRUMENTS_RMS1,SE555DRG4,,PRECISION TIMER,Active,Preferred,,,Yes,Legacy Inventory Status: Cleared,,,,https://www.ti.com/store/ti/en/p/product/?p=SE555DRG4&HQS=corp-tistore-null-storeinv-invf-store-findchips-wwe,http://www.ti.com/lit/ds/symlink/se555.pdf?ts=1587916432838
,,,,,,,,,,,,,,,,,,,,,,,,,,TRUE,FALSE,TEXAS INSTRUMENTS_RMS1,SE555DG4,,PRECISION TIMER,Active,Preferred,,,Yes,Legacy Inventory Status: Cleared,,,,https://www.rocelec.com/part/TEXTISSE555DG4?utm_medium=buyNow&utm_source=findChips,http://www.ti.com/lit/ds/symlink/se555.pdf?ts=1587916432838
1,TRUE,TRUE,TRUE,FALSE,FALSE,0,10095971,"INDUCTOR 22UH,1.8-2A",A        ECO-R252633,1,Each,Production,,L1,,,,,,Part,CBRM,,1,,,TRUE,FALSE,WURTH ELEKTRONIK GMBH,744772220,,CHOKE COIL 22UH 2.3A 0.055R,Active,Preferred,,,Yes,Legacy Inventory Status: Cleared,,,,https://www.mouser.fr/ProductDetail/Wurth-Elektronik/744772220?qs=%2Fha2pyFadug%2FIiObFAT6jTfb88yJpLBpw5FnafHslt0Iyldq8dzV%252Bg%3D%3D&utm_source=octopart&utm_medium=aggregator&utm_campaign=710-744772220&utm_content=Wurth%20Elektronik,https://www.we-online.de/katalog/datasheet/744772220.pdf
1,TRUE,TRUE,TRUE,FALSE,FALSE,0,10095972,"TRANSISTOR MOSFET, 60V, 50A, P CHANNEL",A        ECO-R255176,1,Each,Production,,T9,,,,,,Part,CBRM,,1,,,TRUE,FALSE,VISHAY_RMS1,SUD50P06-15L-E3,,MOSFET P-CH 60V 50A TO252,Active,Preferred,,ROHS,Yes - by exemption,RoHS exemption 7a,,,,https://canada.newark.com/vishay/sud50p06-15l-e3/p-channel-mosfet/dp/06J8479?CMP=AFC-SF-FC,http://www.vishay.com/docs/72250/sud50p06.pdf
1,TRUE,TRUE,TRUE,FALSE,FALSE,0,10095973,"CAPACITOR ARRAY, 47PF, 50V, +/-10%,NPO,0612",A        ECO-R252633,2,Each,Production,,"C22,C23",,,,,,Part,CBRM,,1,,,TRUE,FALSE,AVX_RMS1,W3A45A470KAT2A,225514611532,"ISOLATED C NETWORK, 50V, C0G, 0.000047UF, SURFACE MOUNT, CHIP-8",Active,Preferred,,BRAND: PHYCOMP,Yes,Legacy Inventory Status: Cleared,,,,https://www.arrow.com/en/products/w3a45a470kat2a/avx,http://datasheets.avx.com/CapArray.pdf
,,,,,,,,,,,,,,,,,,,,,,,,,,,,YAGEO_RMS1,CA0612JRNPO9BN470,,,Active,Preferred,,BRAND: PHYCOMP,Yes,Legacy Inventory Status: Cleared,,,,https://www.avnet.com/shop/us/products/yageo/ca0612jrnpo9bn470-3074457345639885215?CMP=EMA_FindChips_inventoryfeed_VSE,https://www.yageo.com/upload/media/product/productsearch/datasheet/mlcc/UPY-4C-Array_16V-to-50V_5.pdf
1,TRUE,TRUE,TRUE,FALSE,FALSE,0,10095974,"CAPACITOR,1000UF,+/-20%,35V",A        ECO-R252633,2,Each,Production,,"C28,C29",,,,,,Part,CBRM,,1,,,TRUE,FALSE,ILLINOIS_CAPACITOR_RMS1,108TTA035M,,"Alu capacitor 1000UF, 35V, 20%, AXIAL 13X26MM",Active,Preferred,,ROHS COMPLIANT,Yes,Legacy Inventory Status: Cleared,,,,https://www.arrow.com/en/products/108tta035m/illinois-capacitor,https://www.illinoiscapacitor.com/pdf/seriesDocuments/TTA%20series.pdf
1,TRUE,TRUE,TRUE,FALSE,FALSE,0,10095975,"RESISTOR,10K OHM.0.063W,+/-1%,0603",A        ECO-R252633,4,Each,Production,,"R2,R5,R37,R42",,,,,,Part,CBRM,,1,,,TRUE,FALSE,YAGEO_RMS1,RC0603FR-0710KL,,RES 10.0K OHM 1/10W 1% 0603 SMD,Active,Preferred,,ROHS EXEMPTION 7(C)-1,Yes - by exemption,Rohs Compliant with exemption 7(c)-I for lead in glass. Exemption expires on 21 July 2021 for Medical devices,,,,https://canada.newark.com/yageo/rc0603fr-0710kl/res-thick-film-10k-1-0-1w-0603/dp/66R1987?CMP=AFC-SF-FC,
,,,,,,,,,,,,,,,,,,,,,,,,,,TRUE,FALSE,YAGEO_RMS1,RC0603FR-0710KL,232270461003L,"RESISTOR, METAL GLAZE/THICK FILM, 0.1 W, 1 %, 100 PPM, 10000 OHM, SURFACE MOUNT, 0603",Active,Preferred,,BRAND: PHYCOMP.ROHS EXEMPTION 7(C)-1,Yes - by exemption,Legacy Inventory Status: Cleared,,,,https://canada.newark.com/yageo/rc0603fr-0710kl/res-thick-film-10k-1-0-1w-0603/dp/66R1987?CMP=AFC-SF-FC,
,,,,,,,,,,,,,,,,,,,,,,,,,,TRUE,FALSE,BOURNS_RMS1,CR0603-FX-1002ELF,,CHIP RESISTOR,Active,Preferred,,ROHS EXEMPTION 7(C)-1,Yes - by exemption,Legacy Inventory Status: Cleared,,,,https://canada.newark.com/bourns/cr0603-fx-1002elf/res-thick-film-10k-1-0-1w-0603/dp/84W7233?CMP=AFC-SF-FC,
1,TRUE,TRUE,TRUE,FALSE,FALSE,0,10095977,"RESISTOR,4.7KOHM,0.063W,+/-1%",A        ECO-R252633,1,Each,Production,,R8,,,,,,Part,CBRM,,1,,,TRUE,FALSE,YAGEO_RMS1,RC0603FR-074K7L,232270464702L,"RESISTOR, METAL GLAZE/THICK FILM, 0.1 W, 1 %, 100 PPM, 4700 OHM, SURFACE MOUNT, 0603",Active,Preferred,,BRAND: PHYCOMP. ROHS EXEMPTION :7( C )-1 ELECTRICAL AND ELECTRONIC COMPONENTS CONTAINING LEAD IN A GLASS.,Yes - by exemption,Legacy Inventory Status: Cleared,,,,https://www.maritex.com.pl/product/show_qr/43251,
,,,,,,,,,,,,,,,,,,,,,,,,,,TRUE,FALSE,YAGEO_RMS1,RC0603FR-074K7L,,"RESISTOR, METAL GLAZE/THICK FILM, 0.1 W, 1 %, 100 PPM, 4700 OHM, SURFACE MOUNT, 0603",Active,Alternate,,ROHS EXEMPTION :7( C )-1 ELECTRICAL AND ELECTRONIC COMPONENTS CONTAINING LEAD IN A GLASS.,Yes - by exemption,2011/65/EU compliant with 7(c)-I exemption and the exemption will expired in 21 July 2021 for medical devices.,,,,,
1,TRUE,TRUE,TRUE,FALSE,FALSE,0,10095979,"RESISTOR,100 OHM,0.063W,+/-1%, 0603",A        ECO-R252633,3,Each,Production,,"R11,R12,R13",,,,,,Part,CBRM,,1,,,TRUE,FALSE,TYCO ELECTRONICS,CRG0603F100R,,THICK FILM CHIP RESISTOR,Active,Preferred,,ROHS EXEMPTION: 7( C )-1 ELECTRICAL AND ELECTRONIC COMPONENTS CONTAINING LEAD IN A GLASS.,Yes - by exemption,Legacy Inventory Status: Cleared,,,,https://www.te.com/usa-en/product-1622828-1.html?elqCampaignId=87913&te_bu=Cor&te_type=srch&te_campaign=sfm_glo_cor-sfm-global-srch-prtnr-findchips-organic_sma-298_1,
,,,,,,,,,,,,,,,,,,,,,,,,,,TRUE,FALSE,BOURNS_RMS1,CR0603-FX-1000ELF,,CHIP RESISTOR,Active,Preferred,,ROHS EXEMPTION: 7( C )-1 ELECTRICAL AND ELECTRONIC COMPONENTS CONTAINING LEAD IN A GLASS.,Yes - by exemption,Legacy Inventory Status: Cleared,,,,https://canada.newark.com/bourns/cr0603-fx-1000elf/res-thick-film-100r-1-0-1w-0603/dp/84W7231?CMP=AFC-SF-FC,
,,,,,,,,,,,,,,,,,,,,,,,,,,TRUE,FALSE,YAGEO_RMS1,RC0603FR-07100RL,,"RESISTOR, METAL GLAZE/THICK FILM, 0.1 W, 1 %, 100 PPM, 100 OHM, SURFACE MOUNT, 0603",Active,Preferred,,ROHS EXEMPTION: 7( C )-1 ELECTRICAL AND ELECTRONIC COMPONENTS CONTAINING LEAD IN A GLASS.,Yes - by exemption,2011/65/EU compliant with 7(c)-I exemption and the exemption will expired in 21 July 2021 for medical devices.,,,,https://canada.newark.com/yageo/rc0603fr-07100rl/surface-mount-thick-film-resistor/dp/75X0141?CMP=AFC-SF-FC,
,,,,,,,,,,,,,,,,,,,,,,,,,,TRUE,FALSE,YAGEO_RMS1,RC0603FR-07100RL,232270461001L,"RESISTOR, METAL GLAZE/THICK FILM, 0.1 W, 1 %, 100 PPM, 100 OHM, SURFACE MOUNT, 0603",Active,Preferred,,BRAND: PHYCOMP. ROHS EXEMPTION: 7( C )-1 ELECTRICAL AND ELECTRONIC COMPONENTS CONTAINING LEAD IN A GLASS.,Yes - by exemption,Legacy Inventory Status: Cleared,,,,https://canada.newark.com/yageo/rc0603fr-07100rl/surface-mount-thick-film-resistor/dp/75X0141?CMP=AFC-SF-FC,
1,TRUE,TRUE,TRUE,FALSE,FALSE,0,10095980,"RESISTOR, 10 OHM,0.063W, +/-1%, 0603",A        ECO-R252633,6,Each,Production,,"R20,R30,R31,R32,R33,R35",,,,,,Part,CBRM,,1,,,TRUE,FALSE,YAGEO_RMS1,RC0603FR-0710RL,,"RESISTOR, METAL GLAZE/THICK FILM, 0.1 W, 1 %, 200 PPM, 10 OHM, SURFACE MOUNT, 0603",Active,Preferred,,ROHS EXEMPTION 7( C )-1 ELECTRICAL AND ELECTRONIC COMPONENTS CONTAINING LEAD IN A GLASS.,Yes - by exemption,Legacy Inventory Status: Cleared,,,,https://canada.newark.com/yageo/rc0603fr-0710rl/res-thick-film-10r-1-0-1w-0603/dp/66R1992?CMP=AFC-SF-FC,
,,,,,,,,,,,,,,,,,,,,,,,,,,TRUE,FALSE,YAGEO_RMS1,RC0603FR-0710RL,232270461009L,"RESISTOR, METAL GLAZE/THICK FILM, 0.1 W, 1 %, 200 PPM, 10 OHM, SURFACE MOUNT, 0603",Active,Preferred,,BRAND: PHYCOMP.ROHS EXEMPTION 7( C )-1 ELECTRICAL AND ELECTRONIC COMPONENTS CONTAINING LEAD IN A GLASS.,Yes - by exemption,Legacy Inventory Status: Cleared,,,,https://canada.newark.com/yageo/rc0603fr-0710rl/res-thick-film-10r-1-0-1w-0603/dp/66R1992?CMP=AFC-SF-FC,
1,TRUE,TRUE,TRUE,FALSE,FALSE,0,10095981,"RESISTOR, 1K OHM, 0.063W,+/-1%, 0603",A        ECO-R252633,3,Each,Production,,"R38,R39,R50",,,,,,Part,CBRM,,1,,,TRUE,FALSE,YAGEO_RMS1,RC0603FR-071KL,,"RESISTOR, METAL GLAZE/THICK FILM, 0.1 W, 1 %, 100 PPM, 1000 OHM, SURFACE MOUNT, 0603",Active,Preferred,,ROHS EXEMPTION :7( C )-1 ELECTRICAL AND ELECTRONIC COMPONENTS CONTAINING LEAD IN A GLASS.,Yes,Legacy Inventory Status: Cleared,,,,https://canada.newark.com/yageo/rc0603fr-071kl/res-thick-film-1k-1-0-1w-0603/dp/66R1908?CMP=AFC-SF-FC,
,,,,,,,,,,,,,,,,,,,,,,,,,,TRUE,FALSE,BOURNS_RMS1,CR0603-FX-1001ELF,,"RESISTOR, METAL GLAZE/THICK FILM, 0.1 W, 1 %, 100 PPM, 1000 OHM, SURFACE MOUNT, 0603",Active,Preferred,,ROHS EXEMPTION :7( C )-1 ELECTRICAL AND ELECTRONIC COMPONENTS CONTAINING LEAD IN A GLASS.,Yes - by exemption,Legacy Inventory Status: Cleared,,,,https://canada.newark.com/bourns/cr0603-fx-1001elf/res-thick-film-1k-1-0-1w-0603/dp/84W7232?CMP=AFC-SF-FC,
1,TRUE,TRUE,TRUE,FALSE,FALSE,0,10095983,"RESISTOR, 22 K OHM,0.063W, +/-1%,0603",A        ECO-R252633,1,Each,Production,,R41,,,,,,Part,CBRM,,1,,,TRUE,FALSE,YAGEO_RMS1,RC0603FR-0722KL,,"RESISTOR, METAL GLAZE/THICK FILM, 0.1 W, 1 %, 100 PPM, 22000 OHM, SURFACE MOUNT, 0603",Active,Preferred,,ROHS EXEMPTION: 7( C )-1 ELECTRICAL AND ELECTRONIC COMPONENTS CONTAINING LEAD IN A GLASS.,Yes,Legacy Inventory Status: Cleared,,,,https://canada.newark.com/yageo/rc0603fr-0722kl/surface-mount-thick-film-resistor/dp/75X0146?CMP=AFC-SF-FC,
,,,,,,,,,,,,,,,,,,,,,,,,,,TRUE,FALSE,BOURNS_RMS1,CR0603-FX-2202ELF ,,"RESISTOR, METAL GLAZE/THICK FILM, 0.1 W, 1 %, 100 PPM, 22000 OHM, SURFACE MOUNT, 0603",Active,Preferred,,ROHS EXEMPTION: 7( C )-1 ELECTRICAL AND ELECTRONIC COMPONENTS CONTAINING LEAD IN A GLASS.,Yes - by exemption,Legacy Inventory Status: Cleared,,,,https://www.arrow.com/en/products/cr0603-fx-2202elf/bourns,
,,,,,,,,,,,,,,,,,,,,,,,,,,TRUE,FALSE,YAGEO_RMS1,RC0603FR-0722KL,232270462203L*,"RESISTOR, METAL GLAZE/THICK FILM, 0.1 W, 1 %, 100 PPM, 22000 OHM, SURFACE MOUNT, 0603",Active,Preferred,,BRAND: PHYCOMP. ROHS EXEMPTION: 7( C )-1 ELECTRICAL AND ELECTRONIC COMPONENTS CONTAINING LEAD IN A GLASS.,Yes - by exemption,Legacy Inventory Status: Cleared,,,,https://canada.newark.com/yageo/rc0603fr-0722kl/surface-mount-thick-film-resistor/dp/75X0146?CMP=AFC-SF-FC,
1,TRUE,TRUE,TRUE,FALSE,FALSE,0,10095984,"RESISTOR,1 KOHM,0.25W,+/-1%,1206",A        ECO-R252633,3,Each,Production,,"R58,R59,R60",,,,,,Part,CBRM,,1,,,TRUE,FALSE,YAGEO_RMS1,RC1206FR-071KL,,"RESISTOR, METAL GLAZE/THICK FILM, 0.25 W, 1 %, 100 PPM, 1000 OHM, SURFACE MOUNT, 1206",Active,Preferred,,ROHS EXEMPTION: 7( C )-1 ELECTRICAL AND ELECTRONIC COMPONENTS CONTAINING LEAD IN A GLASS.,Yes - by exemption,2011/65/EU compliant with 7(c)-I exemption and the exemption will expired in 21 July 2021 for medical devices.,,,,https://canada.newark.com/yageo/rc1206fr-071kl/res-thick-film-1k-1-0-25w-1206/dp/66R3736?CMP=AFC-SF-FC,
,,,,,,,,,,,,,,,,,,,,,,,,,,TRUE,FALSE,YAGEO_RMS1,RC1206FR-071KL,232272461002L,"RESISTOR, METAL GLAZE/THICK FILM, 0.25 W, 1 %, 100 PPM, 1000 OHM, SURFACE MOUNT, 1206",Active,Preferred,,BRAND: PHYCOMP.ROHS EXEMPTION: 7( C )-1 ELECTRICAL AND ELECTRONIC COMPONENTS CONTAINING LEAD IN A GLASS.,Yes - by exemption,Legacy Inventory Status: Cleared,,,,https://canada.newark.com/yageo/rc1206fr-071kl/res-thick-film-1k-1-0-25w-1206/dp/66R3736?CMP=AFC-SF-FC,
,,,,,,,,,,,,,,,,,,,,,,,,,,TRUE,FALSE,BOURNS_RMS1,CR1206-FX-1001ELF,,"RESISTOR, METAL GLAZE/THICK FILM, 0.25 W, 1 %, 100 PPM, 1000 OHM, SURFACE MOUNT, 1206",Active,Preferred,,ROHS EXEMPTION: 7( C )-1 ELECTRICAL AND ELECTRONIC COMPONENTS CONTAINING LEAD IN A GLASS.,Yes - by exemption,Legacy Inventory Status: Cleared,,,,https://www.arrow.com/en/products/cr1206-fx-1001elf/bourns,
1,TRUE,TRUE,TRUE,FALSE,FALSE,0,10096505,"PRINTED CIRCUIT, DRIVER BOARD RB0505",A        MC002637,1,Each,Production,,,,,,,,Part,CBRM,,1,,,TRUE,FALSE,TTM,10096505,,,Active,Preferred,,,Yes,Legacy Inventory Status: Cleared,,,,,
1,TRUE,FALSE,TRUE,FALSE,FALSE,0,4096600.E00.001,BLOWER COMMAND BOARD SCH,03        ECO-R256396,1,,Production,,,,,,,,Document,CBRM,,1,,,,,,,,,,,,,,,,,,,
1,TRUE,TRUE,TRUE,FALSE,FALSE,1,3846100,CPU/BLOWER DRIVER HARNESS,D        ECO-R252633,1,Each,Production,,,,,,,,Part,CBRM,,1,,,TRUE,FALSE,DATAFIELD INDUSTRIES,3846100,,CPU/BLOWER DRIVER HARNESS (CUSTOM PART),Active,Preferred,,CUSTOM PART PER COVIDIEN DRAWING 3846100,Yes,Legacy Inventory Status: Cleared,,,,,
1,TRUE,TRUE,TRUE,FALSE,FALSE,2,3838600,PC BOARD TRACABILITY LABEL,C        ECO-R252633,1,Each,Production,,,,,,,,Part,CBRM,,1,,,TRUE,FALSE,BRADY_RMS1,3838600-H,,"B-727 LABEL, POLYIMIDE, GLOSSY WHITE THERMAL TRANSFER PRINTABLE LABEL STOCK",Active,Preferred,,CUSTOM LABEL PER COVIDIEN DRAWING 3838600,Yes,Legacy Inventory Status: Cleared,,,,,
,,,,,,,,,,,,,,,,,,,,,,,,,,,,,,,,,,,,,,,,,,
,,,,,,,,,,,,,,,,,,,,,,,,,,,,,,,,,,,,,,,,,,
,,,,,,,10022506,"CAPACITOR,100UF,+/-20%,50V",E        ECO-R252633,DNP,Each,Production,,C2,,,,,,Part,CBRM,,1,,,TRUE,FALSE,NICHICON_RMS1,URZ1H101MPD,,CAP ALUM 100UF 20% 50V TH,,Preferred,,ROHS COMPLIANT,Yes,Legacy Inventory Status: Cleared,"Double footprint ZC2/C2 (C2=TH, ZC2=SMD)",,,https://www.digikey.com/product-detail/en/nichicon/URZ1H101MPD/493-15941-ND/2538972,
,,,,,,,10095969,"CAPACITOR,470UF, +/-20%,25V",A        ECO-R252633,DNP,Each,Production,,C27,,,,,,,,,,,,TRUE,FALSE,PANASONIC_RMS1,ECA1EHG471,, CAP ALUM 470UF 20% 25V TH,Active,Preferred,,,Yes,Legacy Inventory Status: Cleared,"Double footprint ZC27/C27 (C27=TH, ZC27=SMD)",,,https://uk.farnell.com/panasonic/eca1ehg471/cap-470-f-25v-20/dp/9692843?CMP=GRHB-SF-FC,
,,,,,,,,,B        ECO-R252633,,Each,Production,,,,,,,,,,,,,,,,PANASONIC_RMS1,ECA1EHG471,, CAP ALUM 470UF 20% 25V TH,Active,Preferred,,,Yes,Legacy Inventory Status: Cleared,,,,https://uk.farnell.com/panasonic/eca1ehg471/cap-470-f-25v-20/dp/9692843?CMP=GRHB-SF-FC,
,,,,,,,10022559,"TRANSISTOR MOSFET, 60V, 16.7A,  N CHANNEL",B        ECO-R252633,DNP,Each,Production,,"ZT2,ZT3,ZT4,ZT5,ZT6,ZT7",,,,,,,,,,,,,,INFINEON,IRFZ24NPBF,,MOSFET N-CH 55V 17A TO220,,,,,,,Double footprint T2-T7/ZT2-ZT7 (TH/SMD),,,https://www.digikey.com/products/en/discrete-semiconductor-products/transistors-fets-mosfets-single/278?k=irf&k=&pkeyword=irf&sv=0&pv1291=413211&sf=0&FV=606%7C378999%2C608%7C112198%2Cmu55V%7C2068%2Cmu60V%7C2068%2C-8%7C278%2C-1%7C448&quantity=&ColumnSort=0&page=1&pageSize=25,https://www.infineon.com/dgdl/irfz24npbf.pdf?fileId=5546d462533600a40153563af6ce21f7