BOM,,,,,,,,,,,,,,,,,,,,,,,,,,,,,,,,Comments,,,,,,,,,,
Level,Attachments (Image),Manufacturer (Image),Pending Changes (Image),Has Been Redlined (Image),Has Quality(Image),Bubble Number,Item Number,Item Description,Item Rev,Qty,UOM,Item Lifecycle Phase,BOM Notes,Ref Des,Component Effective From,Component Discontinue Date,Alternate Part(s),Alternate FG Part(s),Alternate Document(s),Subclass,Sites,Planned?,Scrap Factor,OP #,Thumbnail,Attachments(Image),Manufacture Part Has Redline,Mfr. Name,Mfr. Part Number,Legacy Part #,Mfr. Part Description,,Mfr. Part Lifecycle Phase,Preferred Status,Sites,Reference Notes,RoHS Compliant?,RoHS Compliance Statement,page number on schematic,part added to library?,Link to part,Link to datasheet
1,true,true,false,false,false,0,10021385,"RESISTOR,4.7 KOHM,+/-1%.0.063W,0402",A        ECO-R252636,1,Each,Production,,R40,,,,,,Part,BDRM,,1,,,true,false,PHYCOMP_RMS1,RC0402FR-074K7L,232270674702L,GENERAL PURPOSE CHIP RESISTOR,,Active,Preferred,,ROHS EXEMPT: 7(C)-1,Yes - by exemption,Legacy Inventory Status: Cleared,,,,
,,,,,,,,,,,,,,,,,,,,,,,,,,true,false,VISHAY_RMS1,CRCW04024K70FKED,,RESISTOR THICK FILM 4k7 1% 0.0625W 0402 VISHAY,,Active,Preferred,,ROHS EXEMPT: 7(C)-1,RoHS3 Compliant with exemptions,Cleared 7(c)-I exemption,,,https://www.digikey.ca/product-detail/en/CRCW04024K70FKED/541-4.70KLCT-ND/1183199?utm_campaign=buynow&WT.z_cid=ref_octopart_dkc_buynow&utm_medium=aggregator&curr=cad&site=us&utm_source=octopart,https://www.yageo.com/upload/media/product/productsearch/datasheet/rchip/PYu-RC_Group_51_RoHS_L_10.pdf
,,,,,,,,,,,,,,,,,,,,,,,,,,true,false,YAGEO/PHYCOMP_RMS1,RC0402FR-074K7L,,GENERAL PURPOSE CHIP RESISTOR,,Active,Preferred,,ROHS EXEMPT: 7(C)-1,Yes - by exemption,Legacy Inventory Status: Cleared,,,https://www.digikey.ca/product-detail/en/RC0402FR-074K7L/311-4.7KLRCT-ND/2827881?utm_campaign=buynow&WT.z_cid=ref_octopart_dkc_buynow&utm_medium=aggregator&curr=cad&site=us&utm_source=octopart,https://www.yageo.com/upload/media/product/productsearch/datasheet/rchip/PYu-RC_Group_51_RoHS_L_10.pdf
1,true,true,false,false,false,0,10021387,"RESISTOR, 220 OHM,+/-1%, 0.063W, 0402",B        ECO-R252636,1,Each,Production,,R37,,,,,,Part,BDRM,,1,,,true,false,YAGEO_RMS1,RC0402FR-07220RL,232270672201L,"RESISTOR, METAL GLAZE/THICK FILM, 0.0625 W, 1 %, 100 PPM, 220 OHM, SURFACE MOUNT, 0402",,Active,Preferred,,BRAND: PHYCOMP.ROHS EXEMPTION: 7(C)-1,Yes - by exemption,Legacy Inventory Status: Cleared,,,,
,,,,,,,,,,,,,,,,,,,,,,,,,,true,false,VISHAY_RMS1,CRCW0402220RFKED,,"THICK FILM, RECTANGULAR CHIP RESISTORS",,Active,Preferred,,ROHS EXEMPTION: 7(C)-1,Yes - by exemption,Legacy Inventory Status: Cleared,,,https://www.digikey.ca/product-detail/en/CRCW0402220RFKED/541-220LCT-ND/1183045?utm_campaign=buynow&WT.z_cid=ref_octopart_dkc_buynow&utm_medium=aggregator&curr=cad&site=us&utm_source=octopart,http://www.vishay.com/docs/20035/dcrcwe3.pdf
,,,,,,,,,,,,,,,,,,,,,,,,,,true,false,YAGEO_RMS1,RC0402FR-07220RL,,"RESISTOR, METAL GLAZE/THICK FILM, 0.1 W, 1 %, 100 PPM, 220 OHM, SURFACE MOUNT, 0402",,Active,Preferred,,ROHS EXEMPTION: 7(C)-1,Yes - by exemption,2011/65/EU compliant with 7(c)-I exemption and the exemption will expired in 21 July 2021 for medical devices.,,,https://www.digikey.ca/product-detail/en/RC0402FR-07220RL/311-220LRCT-ND/729512?utm_campaign=buynow&WT.z_cid=ref_octopart_dkc_buynow&utm_medium=aggregator&curr=cad&site=us&utm_source=octopart,https://www.yageo.com/upload/media/product/productsearch/datasheet/rchip/PYu-RC_Group_51_RoHS_L_10.pdf
1,true,true,false,false,false,0,10021388,"RESISTOR, 180 KOHM, +/-1%, 0.063W.0402",B        ECO-R252636,1,Each,Production,,R41,,,,,,Part,BDRM,,1,,,true,false,YAGEO_RMS1,RC0402FR-07180KL,232270671804L,"RESISTOR, METAL GLAZE/THICK FILM, 0.0625 W, 1 %, 100 PPM, 180000 OHM, SURFACE MOUNT, 0402",,Active,Preferred,,BRAND:PHYCOMP.ROHS EXEMPT:7(C)-1,Yes - by exemption,Legacy Inventory Status: Cleared,,,,
,,,,,,,,,,,,,,,,,,,,,,,,,,true,false,VISHAY_RMS1,CRCW0402180KFKED,,THICK FILM RECTANGULAR CHIP RESISTORS,,Active,Preferred,,ROHS EXEMPT:7(C)-1,Yes - by exemption,Legacy Inventory Status: Cleared,,,https://www.digikey.ca/product-detail/en/CRCW0402180KFKED/541-180KLCT-ND/1183378?utm_campaign=buynow&WT.z_cid=ref_octopart_dkc_buynow&utm_medium=aggregator&curr=cad&site=us&utm_source=octopart,http://www.vishay.com/docs/20035/dcrcwe3.pdf
,,,,,,,,,,,,,,,,,,,,,,,,,,true,false,YAGEO_RMS1,RC0402FR-07180KL,,"RESISTOR, METAL GLAZE/THICK FILM, 0.0625 W, 1 %, 100 PPM, 180000 OHM, SURFACE MOUNT, 0402",,Active,Preferred,,ROHS EXEMPT:7(C)-1,Yes,Legacy Inventory Status: Cleared,,,https://www.digikey.ca/product-detail/en/RC0402FR-07180KL/311-180KLRCT-ND/729496?utm_campaign=buynow&WT.z_cid=ref_octopart_dkc_buynow&utm_medium=aggregator&curr=cad&site=us&utm_source=octopart,https://www.yageo.com/upload/media/product/productsearch/datasheet/rchip/PYu-RC_Group_51_RoHS_L_10.pdf
1,true,true,false,false,false,0,10021389,"RESISTOR, 1.5 MOHM,0.063W, 0402",B        ECO-R252636,1,Each,Production,,R43,,,,,,Part,BDRM,,1,,,true,false,YAGEO_RMS1,RC0402FR-071M5L,232270671505L,"RESISTOR, METAL GLAZE/THICK FILM, 0.0625 W, 1 %, 100 PPM, 1500000 OHM, SURFACE MOUNT, 0402",,Active,Preferred,,BRAND: PHYCOMP.ROHS COMPLIANT: 7(C)-1,Yes - by exemption,Legacy Inventory Status: Cleared,,,,
,,,,,,,,,,,,,,,,,,,,,,,,,,true,false,YAGEO_RMS1,RC0402FR-071M5L,,"RESISTOR, METAL GLAZE/THICK FILM, 0.0625 W, 1 %, 100 PPM, 1500000 OHM, SURFACE MOUNT, 0402",,Active,Preferred,,ROHS COMPLIANT: 7(C)-1,Yes - by exemption,Legacy Inventory Status: Cleared,,,https://www.digikey.ca/product-detail/en/RC0402FR-071M5L/RC0402FR-071M5L-ND/5917573?utm_campaign=buynow&WT.z_cid=ref_octopart_dkc_buynow&utm_medium=aggregator&curr=cad&site=us&utm_source=octopart,https://www.yageo.com/upload/media/product/productsearch/datasheet/rchip/PYu-RC_Group_51_RoHS_L_10.pdf
,,,,,,,,,,,,,,,,,,,,,,,,,,true,false,VISHAY_RMS1,CRCW04021M50FKED,,"THICK FILM, RECTANGULAR CHIP RESISTORS",,Active,Preferred,,ROHS COMPLIANT: 7(C)-1,Yes - by exemption,Legacy Inventory Status: Cleared,,,https://www.digikey.ca/product-detail/en/CRCW04021M50FKED/541-1.50MLCT-ND/1183483?utm_campaign=buynow&WT.z_cid=ref_octopart_dkc_buynow&utm_medium=aggregator&curr=cad&site=us&utm_source=octopart,http://www.vishay.com/docs/20035/dcrcwe3.pdf
1,true,true,false,false,false,0,10021390,"CAPACITOR,4.7NF,16V,+/-10%,0402",B        ECO-R252636,1,Each,Production,,C35,,,,,,Part,BDRM,,1,,,true,false,YAGEO_RMS1,CC0402KRX7R7BB472,,"CAPACITOR, CERAMIC, MULTILAYER, 16 V, X7R, 0.0047 UF, SURFACE MOUNT, 0402",,Active,Preferred,,,Yes,Legacy Inventory Status: Cleared,,,https://www.digikey.ca/product-detail/en/CC0402KRX7R7BB472/311-1709-1-ND/5195611?utm_campaign=buynow&WT.z_cid=ref_octopart_dkc_buynow&utm_medium=aggregator&curr=cad&site=us&utm_source=octopart,https://www.yageo.com/upload/media/product/productsearch/datasheet/mlcc/UPY-GPHC_X7R_6.3V-to-50V_18.pdf
,,,,,,,,,,,,,,,,,,,,,,,,,,true,false,YAGEO_RMS1,CC0402KRX7R7BB472,223878715632,"CAPACITOR, CERAMIC, MULTILAYER, 16 V, X7R, 0.0047 UF, SURFACE MOUNT, 0402",,Active,Preferred,,BRAND: PHYCOMP,Yes,Legacy Inventory Status: Cleared,,,,
1,true,true,false,false,false,0,10021391,"RESISTOR, 680 KOHM,+/-1%, 0.063W, 0402",B        ECO-R252636,1,Each,Production,,R44,,,,,,Part,BDRM,,1,,,true,false,YAGEO_RMS1,RC0402FR-07680KL,,"RESISTOR, METAL GLAZE/THICK FILM, 0.0625 W, 1 %, 100 PPM, 680000 OHM, SURFACE MOUNT, 0402",,Active,Preferred,,ROHS EXEMPT: 7(C)-1,Yes - by exemption,Legacy Inventory Status: Cleared,,,https://www.digikey.ca/product-detail/en/CC0402KRX7R7BB472/311-1709-1-ND/5195611?utm_campaign=buynow&WT.z_cid=ref_octopart_dkc_buynow&utm_medium=aggregator&curr=cad&site=us&utm_source=octopart,https://www.yageo.com/upload/media/product/productsearch/datasheet/rchip/PYu-RC_Group_51_RoHS_L_10.pdf
,,,,,,,,,,,,,,,,,,,,,,,,,,true,false,YAGEO_RMS1,RC0402FR-07680KL,232270676804L,"RESISTOR, METAL GLAZE/THICK FILM, 0.0625 W, 1 %, 100 PPM, 680000 OHM, SURFACE MOUNT, 0402",,Active,Preferred,,BRAND: PHYCOMP.ROHS EXEMPT: 7(C)-1,Yes - by exemption,Legacy Inventory Status: Cleared,,,,
,,,,,,,,,,,,,,,,,,,,,,,,,,true,false,VISHAY_RMS1,CRCW0402680KFKED,,"THICK FILM, RECTANGULAR CHIP RESISTORS",,Active,Preferred,,ROHS EXEMPT: 7(C)-1,Yes - by exemption,Legacy Inventory Status: Cleared,,,https://www.digikey.ca/product-detail/en/CRCW0402680KFKED/541-680KLCT-ND/1183446?utm_campaign=buynow&WT.z_cid=ref_octopart_dkc_buynow&utm_medium=aggregator&curr=cad&site=us&utm_source=octopart,http://www.vishay.com/docs/20035/dcrcwe3.pdf
1,true,true,false,false,false,0,10021462,"RESISTOR, 1 MOHM, +/-1%,0.063W,0402",B        ECO-R252636,1,Each,Production,,R46,,,,,,Part,BDRM,,1,,,true,false,YAGEO_RMS1,RC0402FR-071ML,232270671005L,"RESISTOR, METAL GLAZE/THICK FILM, 0.0625 W, 1 %, 100 PPM, 1000000 OHM, SURFACE MOUNT, 0402",,Active,Preferred,,BRAND: PHYCOMP.ROHS EXMEPT: 7(C)-1,Yes - by exemption,Legacy Inventory Status: Cleared,,,,
,,,,,,,,,,,,,,,,,,,,,,,,,,true,false,YAGEO_RMS1,RC0402FR-071ML,,"RESISTOR, METAL GLAZE/THICK FILM, 0.0625 W, 1 %, 100 PPM, 1000000 OHM, SURFACE MOUNT, 0402",,Active,Preferred,,ROHS EXMEPT: 7(C)-1,RoHS3 Compliant with exemptions,Exemption 7(c)-I shown on RoHS evidence,,,https://www.digikey.ca/product-detail/en/RC0402FR-071ML/311-1.00MLRCT-ND/729462?utm_campaign=buynow&WT.z_cid=ref_octopart_dkc_buynow&utm_medium=aggregator&curr=cad&site=us&utm_source=octopart,https://www.yageo.com/upload/media/product/productsearch/datasheet/rchip/PYu-RC_Group_51_RoHS_L_10.pdf
,,,,,,,,,,,,,,,,,,,,,,,,,,true,false,VISHAY_RMS1,CRCW04021M00FKED,,RESISTOR 1M 1% 0.0625W 0402 VISHAY,,Active,Preferred,,ROHS EXMEPT: 7(C)-1,RoHS3 Compliant with exemptions,Cleared. Exemption 7(c)-I,,,https://www.digikey.ca/product-detail/en/CRCW04021M00FKED/541-1.00MLCT-ND/1183465?utm_campaign=buynow&WT.z_cid=ref_octopart_dkc_buynow&utm_medium=aggregator&curr=cad&site=us&utm_source=octopart,http://www.vishay.com/docs/20035/dcrcwe3.pdf
1,true,true,false,false,false,0,10021463,"CAPACITOR,47UF,16V,1210,X5R",C        ECO-R252636,2,Each,Production,,"C21,C23",,,,,,Part,BDRM,,1,,,true,false,KEMET_RMS1,C1210C476M4PACTU,,"CAPACITOR, CERAMIC, MULTILAYER, 16 V, X5R, 47 UF, SURFACE MOUNT, 1210",,Active,Preferred,,,Yes,Legacy Inventory Status: Cleared,,,https://www.digikey.ca/product-detail/en/C1210C476M4PACTU/399-5514-1-ND/1950692?utm_campaign=buynow&WT.z_cid=ref_octopart_dkc_buynow&utm_medium=aggregator&curr=cad&site=us&utm_source=octopart,https://api.kemet.com/component-edge/download/datasheet/C1210C476M4PACTU.pdf
,,,,,,,,,,,,,,,,,,,,,,,,,,true,false,TAIYO YUDEN_RMS1,EMK325BJ476MM-T,,"CAPACITOR, CERAMIC, MULTILAYER, 16 V, X5R, 47 UF, SURFACE MOUNT, 1210",,Active,Alternate,,,Yes,Legacy Inventory Status: Cleared,,,https://www.digikey.com/product-detail/en/taiyo-yuden/EMK325BJ476MM-T/587-1436-2-ND/1004024,
,,,,,,,,,,,,,,,,,,,,,,,,,,,,YAGEO_RMS1,CC1210KKX5R7BB476,,"CAPACITOR, CERAMIC, MULTILAYER, 16 V, X5R, 47 UF, SURFACE MOUNT, 1210",,,,,,,,,,https://www.arrow.com/en/products/cc1210kkx5r7bb476/yageo,https://www.yageo.com/upload/media/product/productsearch/datasheet/mlcc/UPY-GPHC_X5R_4V-to-50V_25.pdf
1,true,true,false,false,false,0,10021468,"RESISTOR, 137 KOHM, +/-1%,0.063W,0402",B        ECO-R252636,1,Each,Production,,R26,,,,,,Part,BDRM,,1,,,true,false,VISHAY_RMS1,CRCW0402137KFKED,,"THICK FILM, RECTANGULAR CHIP RESISTORS",,Active,Preferred,,ROHS EXEMPTION: 7(C)-1,Yes - by exemption,Legacy Inventory Status: Cleared,,,https://www.digikey.ca/product-detail/en/CRCW0402137KFKED/541-137KLCT-ND/1183365?utm_campaign=buynow&WT.z_cid=ref_octopart_dkc_buynow&utm_medium=aggregator&curr=cad&site=us&utm_source=octopart,http://www.vishay.com/docs/20035/dcrcwe3.pdf
,,,,,,,,,,,,,,,,,,,,,,,,,,true,false,YAGEO_RMS1,RC0402FR-07137KL,,"RESISTOR, METAL GLAZE/THICK FILM, 0.0625 W, 1 %, 100 PPM, 137000 OHM, SURFACE MOUNT, 0402",,Active,Preferred,,ROHS EXEMPTION: 7(C)-1,Yes - by exemption,Legacy Inventory Status: Cleared,,,https://www.digikey.ca/product-detail/en/RC0402FR-07137KL/YAG2972CT-ND/5281837?utm_campaign=buynow&WT.z_cid=ref_octopart_dkc_buynow&utm_medium=aggregator&curr=cad&site=us&utm_source=octopart,https://www.yageo.com/upload/media/product/productsearch/datasheet/rchip/PYu-RC_Group_51_RoHS_L_10.pdf
,,,,,,,,,,,,,,,,,,,,,,,,,,true,false,YAGEO_RMS1,RC0402FR-07137KL,232270671374L,"RESISTOR, METAL GLAZE/THICK FILM, 0.0625 W, 1 %, 100 PPM, 137000 OHM, SURFACE MOUNT, 0402",,Active,Preferred,,BRAND: PHYCOMP. ROHS EXEMPTION: 7(C)-1,Yes - by exemption,Legacy Inventory Status: Cleared,,,,
1,true,true,false,false,false,0,10021556,"RESISTOR, 68 KOHM,+/-1%, 0.063W, 0402",B        ECO-R252636,1,Each,Production,,R27,,,,,,Part,BDRM,,1,,,true,false,YAGEO_RMS1,RC0402FR-0768KL,232270676803L,"RESISTOR, METAL GLAZE/THICK FILM, 0.0625 W, 1 %, 100 PPM, 68000 OHM, SURFACE MOUNT, 0402",,Active,Preferred,,BRAND: PHYCOMP. ROHS EXEMPTION: 7(C)-1,Yes - by exemption,Legacy Inventory Status: Cleared,,,,
,,,,,,,,,,,,,,,,,,,,,,,,,,true,false,VISHAY_RMS1,CRCW040268K0FKED,,"THICK FILM, RECTANGULAR CHIP RESISTORS",,Active,Preferred,,ROHS EXEMPTION: 7(C)-1,Yes - by exemption,Legacy Inventory Status: Cleared,,,https://www.digikey.ca/product-detail/en/CRCW040268K0FKED/541-68.0KLCT-ND/1183332?utm_campaign=buynow&WT.z_cid=ref_octopart_dkc_buynow&utm_medium=aggregator&curr=cad&site=us&utm_source=octopart,http://www.vishay.com/docs/20035/dcrcwe3.pdf
,,,,,,,,,,,,,,,,,,,,,,,,,,true,false,YAGEO_RMS1,RC0402FR-0768KL,,"RESISTOR, METAL GLAZE/THICK FILM, 0.0625 W, 1 %, 100 PPM, 68000 OHM, SURFACE MOUNT, 0402",,Active,Preferred,,ROHS EXEMPTION: 7(C)-1,RoHS3 Compliant with exemptions,RoHS3 Compliant with exemptions,,,https://www.digikey.ca/product-detail/en/RC0402FR-0768KL/311-68.0KLRCT-ND/729598?utm_campaign=buynow&WT.z_cid=ref_octopart_dkc_buynow&utm_medium=aggregator&curr=cad&site=us&utm_source=octopart,https://www.yageo.com/upload/media/product/productsearch/datasheet/rchip/PYu-RC_Group_51_RoHS_L_10.pdf
1,true,true,false,false,false,0,10021557,"RESISTOR,0 OHM,0.063W,0402",B        ECO-R252636,2,Each,Production,,"R30,R31",,,,,,Part,BDRM,,1,,,true,false,YAGEO_RMS1,232270591001L,,"JUMPER, METAL GLAZE/THICK FILM, 0.0625 W, 0 OHM, SURFACE MOUNT, 0402",,Active,Preferred,,BRAND: PHYCOMP.ROHS EXEMPT: 7(C)-1,Yes - by exemption,Legacy Inventory Status: Cleared,,,,
,,,,,,,,,,,,,,,,,,,,,,,,,,true,false,VISHAY_RMS1,CRCW04020000Z0ED,,"RES,0R,1%,0402,1/16W,200PPM,CHIP",,Active,Preferred,,ROHS EXEMPT: 7(C)-1,RoHS3 Compliant with exemptions,Exemption 7(c)-I shown on RoHS evidence,,,https://www.digikey.ca/product-detail/en/CRCW04020000Z0ED/541-0.0JCT-ND/1182611?utm_campaign=buynow&WT.z_cid=ref_octopart_dkc_buynow&utm_medium=aggregator&curr=cad&site=us&utm_source=octopart,http://www.vishay.com/docs/20035/dcrcwe3.pdf
,,,,,,,,,,,,,,,,,,,,,,,,,,true,false,YAGEO_RMS1,RC0402JR-070RL,,"JUMPER, METAL GLAZE/THICK FILM, 0.0625 W, 0 OHM, SURFACE MOUNT, 0402",,Active,Preferred,,ROHS EXEMPT: 7(C)-1,RoHS3 Compliant with exemptions,Cleared. Exemption 7(c)-I,,,https://www.digikey.ca/product-detail/en/RC0402JR-070RL/311-0.0JRCT-ND/729353?utm_campaign=buynow&WT.z_cid=ref_octopart_dkc_buynow&utm_medium=aggregator&curr=cad&site=us&utm_source=octopart,https://www.yageo.com/upload/media/product/productsearch/datasheet/rchip/PYu-RC_Group_51_RoHS_L_10.pdf
1,true,true,false,false,false,0,10021558,"RESISTOR, 33 K OHM, +/-1%, 0.063W,0402",B        ECO-R252636,1,Each,Production,,R35,,,,,,Part,BDRM,,1,,,true,false,VISHAY_RMS1,CRCW040233K0FKED,,"THICK FILM, RECTANGULAR CHIP RESISTORS",,Active,Preferred,,ROHS EXEMPT: 7(C)-1,Yes - by exemption,Legacy Inventory Status: Cleared,,,https://www.digikey.ca/product-detail/en/CRCW040233K0FKED/541-33.0KLCT-ND/1183294?utm_campaign=buynow&WT.z_cid=ref_octopart_dkc_buynow&utm_medium=aggregator&curr=cad&site=us&utm_source=octopart,http://www.vishay.com/docs/20035/dcrcwe3.pdf
,,,,,,,,,,,,,,,,,,,,,,,,,,true,false,YAGEO_RMS1,RC0402FR-0733KL,232270673303L,"RESISTOR, METAL GLAZE/THICK FILM, 0.0625 W, 1 %, 100 PPM, 33000 OHM, SURFACE MOUNT, 0402",,Active,Preferred,,BRAND: PHYCOMP. ROHS EXEMPT: 7(C)-1,Yes - by exemption,Legacy Inventory Status: Cleared,,,,
,,,,,,,,,,,,,,,,,,,,,,,,,,true,false,YAGEO_RMS1,RC0402FR-0733KL,,"RESISTOR, METAL GLAZE/THICK FILM, 0.0625 W, 1 %, 100 PPM, 33000 OHM, SURFACE MOUNT, 0402",,Active,Preferred,,ROHS EXEMPT: 7(C)-1,RoHS3 Compliant with exemptions,Exemption 7(c)-I shown on RoHS evidence,,,https://www.digikey.ca/product-detail/en/RC0402FR-0733KL/311-33.0KLRCT-ND/729539?utm_campaign=buynow&WT.z_cid=ref_octopart_dkc_buynow&utm_medium=aggregator&curr=cad&site=us&utm_source=octopart,https://www.yageo.com/upload/media/product/productsearch/datasheet/rchip/PYu-RC_Group_51_RoHS_L_10.pdf
1,true,true,false,false,false,0,10022129,BATTERY NI-MH TYPE V150H 4.8V,B        ECO-R252636,1,Each,Production,,BAT1,,,,,,Part,BDRM,,1,,,true,false,VARTA                           (917650),55615 604 059,,VARTA MICROBATTERY,,Active,Preferred,,ROHS OUT OF SCOPE.NO ROHS EVIDENCE REQUIRED.,N/A,Legacy Inventory Status: Cleared,,,,
,,,,,,,,,,,,,,,,,,,,,,,,,,,,,,,,,,,,,,,,,,
,,,,,,,,,,,,,,,,,,,,,,,,,,true,false,VARTA_RMS1,55615604940,,,,Active,Preferred,,ROHS OUT OF SCOPE.NO ROHS EVIDENCE REQUIRED.,N/A,Legacy Inventory Status: Cleared,,,https://www.newark.com/varta/55615604940/nickel-metal-hydride-nimh-battery/dp/23WX3863,
1,true,true,false,false,false,0,10022130,BUZZER,B        ECO-R252636,2,Each,Production,,"BUZ1,BUZ2",,,,,,Part,BDRM,,1,,,true,false,"MURATA MANUFACTURING CO., LTD.",PKM33EPH1201C,,,"Possible Replacement: F/BC11-S LF, Digisound",Active,Preferred,,ROHS EXMEPT: 7(C)-1 | NOTE: NO STATED REPLACEMENT,Yes - by exemption,Legacy Inventory Status: Cleared,,,,https://static6.arrow.com/aropdfconversion/7b70aa7e830c779afe0b0b228e977929034d7c7b/p37e.pdf
1,true,true,false,false,false,0,10022132,"CAPACITOR, CERAMIC, 680 PF, 50V, +/-5%, 0402",B        ECO-R252636,2,Each,Production,,"C4,C6",,,,,,Part,BDRM,,1,,,true,false,"MURATA MANUFACTURING CO., LTD.",GRM1555C1H681JA01D,,MONOLITHIC CERAMIC CHIP CAPACITOR,,Active,Preferred,,,Yes,Legacy Inventory Status: Cleared,,,https://www.digikey.ca/product-detail/en/GRM1555C1H681JA01D/490-3240-1-ND/702781?utm_campaign=buynow&WT.z_cid=ref_octopart_dkc_buynow&utm_medium=aggregator&curr=cad&site=us&utm_source=octopart,https://search.murata.co.jp/Ceramy/image/img/A01X/G101/ENG/GRM1555C1H681JA01-01.pdf
,,,,,,,,,,,,,,,,,,,,,,,,,,true,false,YAGEO_RMS1,CC0402JRX7R9BB681,,"CAPACITOR, CERAMIC, MULTILAYER, 50 V, X7R, 0.00068 UF, SURFACE MOUNT, 0402",,Active,Preferred,,,Yes,Legacy Inventory Status: Cleared,,,https://www.digikey.ca/product-detail/en/CC0402JRX7R9BB681/311-3774-1-ND/8024863?utm_campaign=buynow&WT.z_cid=ref_octopart_dkc_buynow&utm_medium=aggregator&curr=cad&site=us&utm_source=octopart,https://www.yageo.com/upload/media/product/productsearch/datasheet/mlcc/UPY-GPHC_X7R_6.3V-to-50V_18.pdf
,,,,,,,,,,,,,,,,,,,,,,,,,,true,false,YAGEO_RMS1,CC0402JRX7R9BB681,223858715521,"CAPACITOR, CERAMIC, MULTILAYER, 50 V, X7R, 0.00068 UF, SURFACE MOUNT, 0402",,Active,Preferred,,BRAND: PHYCOMP,Yes,Legacy Inventory Status: Cleared,,,,
1,true,true,false,false,false,0,10022133,"CAPACITOR ELECTROLYTIC,470UF,40V,+/-20%",A        ECO-R252636,1,Each,Production,,C12,,,,,,Part,BDRM,,1,,,true,false,VISHAY_RMS1,222202117471,,ALUMINUM CAPACITORS AXIAL STANDARD MINIATURE,,Active,Preferred,,,Yes,Legacy Inventory Status: Cleared,,,https://www.digikey.ca/product-detail/en/MAL202117471E3/4054PHBK-ND/262957?utm_campaign=buynow&WT.z_cid=ref_octopart_dkc_buynow&utm_medium=aggregator&curr=cad&site=us&utm_source=octopart,http://www.vishay.com/docs/28325/021asm.pdf
,,,,,,,,,,,,,,,,,,,,,,,,,,true,false,VISHAY_RMS1,MAL202117471E3,,ALUMINUM CAPACITORS AXIAL STANDARD MINIATURE,,Active,Preferred,,,Yes,Legacy Inventory Status: Cleared,,,https://www.digikey.ca/product-detail/en/MAL202117471E3/4054PHBK-ND/262957?utm_campaign=buynow&WT.z_cid=ref_octopart_dkc_buynow&utm_medium=aggregator&curr=cad&site=us&utm_source=octopart,http://www.vishay.com/docs/28325/021asm.pdf
1,true,true,false,false,false,0,10022134,"CAPACITOR CERAMIC, 330 NF, 16V, X7R, 0603,+/-10%",A        ECO-R252636,1,Each,Production,,C20,,,,,,Part,BDRM,,1,,,true,false,KEMET_RMS1,C0603C334K4RACTU,,CERAMIC CHIP CAPACITOR,,Active,Preferred,,TAPE & REEL,Yes,Legacy Inventory Status: Cleared,,,https://www.digikey.ca/product-detail/en/C0603C334K4RACTU/399-4916-1-ND/1090911?utm_campaign=buynow&WT.z_cid=ref_octopart_dkc_buynow&utm_medium=aggregator&curr=cad&site=us&utm_source=octopart,https://api.kemet.com/component-edge/download/datasheet/C0603C334K4RACTU.pdf
,,,,,,,,,,,,,,,,,,,,,,,,,,true,false,KEMET_RMS1,C0603C334K4RAC,,CERAMIC CHIP CAPACITOR,,Active,Preferred,,,Yes,Legacy Inventory Status: Cleared,,,https://www.digikey.ca/product-detail/en/C0603C334K4RACTU/399-4916-1-ND/1090911?utm_campaign=buynow&WT.z_cid=ref_octopart_dkc_buynow&utm_medium=aggregator&curr=cad&site=us&utm_source=octopart,https://api.kemet.com/component-edge/download/datasheet/C0603C334K4RACTU.pdf
1,false,true,false,false,false,0,10022137,"CAPACITOR CERAMIC,10UF,16V,X5R,+/-10%,1206",B        EC123352,3,Each,Production,,"C22,C26,C29",,,,,,Part,BDRM,,1,,,true,false,KEMET_RMS1,C1206C106K4PACTU,,CERAMIC CHIP CAPACITOR,,Active,Preferred,,,RoHS3 Compliant,Cleared,,,https://www.digikey.ca/product-detail/en/C1206C106K4PACTU/399-5091-1-ND/1465625?utm_campaign=buynow&WT.z_cid=ref_octopart_dkc_buynow&utm_medium=aggregator&curr=cad&site=us&utm_source=octopart,https://api.kemet.com/component-edge/download/datasheet/C1206C106K4PACTU.pdf
,,,,,,,,,,,,,,,,,,,,,,,,,,true,false,YAGEO,CC1206KKX5R7BB106,,"Cap, cer, 10uF, 10%, 16V, X5R, 1206",,Active,Alternate,,,RoHS3 Compliant,Cleared,,,https://www.digikey.ca/product-detail/en/CC1206KKX5R7BB106/311-1465-1-ND/2833771?utm_campaign=buynow&WT.z_cid=ref_octopart_dkc_buynow&utm_medium=aggregator&curr=cad&site=us&utm_source=octopart,https://www.yageo.com/upload/media/product/productsearch/datasheet/mlcc/UPY-GPHC_X5R_4V-to-50V_25.pdf
,,,,,,,,,,,,,,,,,,,,,,,,,,true,false,TDK_RMS1,C3216X5R1C106KT,,MULTILAYER CERAMIC CHIP CAPACITOR,,Active,Alternate,,,RoHS3 Compliant,Cleared,,,https://www.arrow.com/en/products/c3216x5r1c106kt/tdk?utm_campaign=octopart_2018&utm_currency=CAD&utm_keyword=C3216X5R1C106KT&utm_medium=aggregator&utm_content=inv_listing&utm_source=octopart,
,,,,,,,,,,,,,,,,,,,,,,,,,,true,false,Samsung Electro-Mechanics,CL31A106KOHNNNE,,"Cap, cer, 10uF, 10%, 16V, X5R, 1206",,Active,Alternate,,,RoHS3 Compliant,Cleared,,,https://www.digikey.ca/product-detail/en/CL31A106KOHNNNE/1276-1137-1-ND/3889223?utm_campaign=buynow&WT.z_cid=ref_octopart_dkc_buynow&utm_medium=aggregator&curr=cad&site=us&utm_source=octopart,https://media.digikey.com/pdf/Data%20Sheets/Samsung%20PDFs/CL_Series_MLCC_ds.pdf
,,,,,,,,,,,,,,,,,,,,,,,,,,true,false,AVX CORPORATION,1206YD106KAT2A,,"Cap, cer, 10uF, 10%, 16V, X5R, 1206",,Active,Alternate,,,RoHS3 Compliant,Cleared,,,https://www.digikey.ca/product-detail/en/1206YD106KAT2A/478-1573-1-ND/564605?utm_campaign=buynow&WT.z_cid=ref_octopart_dkc_buynow&utm_medium=aggregator&curr=cad&site=us&utm_source=octopart,http://datasheets.avx.com/cx5r.pdf
1,true,true,false,false,false,0,10022139,"DIODE ZENER, 2.7V, 0.35W, SOT23",B        ECO-R252636,1,Each,Production,,D5,,,,,,Part,BDRM,,1,,,true,false,NXP SEMICONDUCTORS_RMS1,BZX84-C2V7,,VOLTAGE REGULATOR DIODES,,Active,Preferred,,,Yes,Legacy Inventory Status: Cleared,,,"https://www.digikey.ca/product-detail/en/BZX84-C2V7,215/1727-5027-1-ND/2531608?utm_campaign=buynow&WT.z_cid=ref_octopart_dkc_buynow&utm_medium=aggregator&curr=cad&site=us&utm_source=octopart",https://assets.nexperia.com/documents/data-sheet/BZX84_SER.pdf
,,,,,,,,,,,,,,,,,,,,,,,,,,true,false,NXP SEMICONDUCTORS_RMS1,"BZX84-C2V7,215",,VOLTAGE REGULATOR DIODES,,Active,Preferred,,,Yes,Legacy Inventory Status: Cleared,,,"https://www.digikey.ca/product-detail/en/BZX84-C2V7,215/1727-5027-1-ND/2531608?utm_campaign=buynow&WT.z_cid=ref_octopart_dkc_buynow&utm_medium=aggregator&curr=cad&site=us&utm_source=octopart",https://assets.nexperia.com/documents/data-sheet/BZX84_SER.pdf
1,true,true,false,false,false,0,10022140,"DIODE SCHOTTKY, 20V, 1A, DO216AA",A        ECO-R252636,6,Each,Production,,"D8,D10,D11,D12,D13,D14",,,,,,Part,BDRM,,1,,,true,false,ON SEMICONDUCTOR_RMS1,MBRM120LT1G,,SURFACE MOUNT SCHOTTKY POWER RECTIFIER,,Active,Preferred,,,Yes,Legacy Inventory Status: Cleared,,,https://www.digikey.ca/product-detail/en/MBRM120LT1G/MBRM120LT1GOSCT-ND/917994?utm_campaign=buynow&WT.z_cid=ref_octopart_dkc_buynow&utm_medium=aggregator&curr=cad&site=us&utm_source=octopart,https://www.onsemi.com/pub/Collateral/MBRM120L-D.PDF
1,true,true,false,false,false,0,10022141,"FUSE, FAST ACTING, SMD, 500MA",A        ECO-R252636,1,Each,Production,,FU1,,,,,,Part,BDRM,,1,,,true,false,LITTELFUSE_RMS1,0451.500MRL,,VERY FAST ACTING SURFACE MOUNT FUSE,,Active,Preferred,,ROHS EXEMPT: 7A,Yes - by exemption,Legacy Inventory Status: Cleared,,,https://www.digikey.ca/product-detail/en/0451.500MRL/F2574CT-ND/813052?utm_campaign=buynow&WT.z_cid=ref_octopart_dkc_buynow&utm_medium=aggregator&curr=cad&site=us&utm_source=octopart,https://www.littelfuse.com/~/media/electronics/datasheets/fuses/littelfuse_fuse_451_453_datasheet.pdf.pdf
1,true,true,false,false,false,0,10022144,"IC, DOUBLE LOW POWER OPERATIONAL AMPLIFIER",A        ECO-R252636,2,Each,Production,,"IC2,IC3",,,,,,Part,BDRM,,1,,,true,false,ON SEMICONDUCTOR_RMS1,MC33172DG,,LOW POWER OP-AMP,,Active,Preferred,,,Yes,Legacy Inventory Status: Cleared,,,https://www.mouser.ca/ProductDetail/ON-Semiconductor/MC33172DG?qs=%2Fha2pyFadujuNYgc9NBWHUnSXi5ENPmKIswJgrscPcg58Est50pcVQ%3D%3D&utm_source=octopart&utm_medium=aggregator&utm_campaign=863-MC33172DG&utm_content=ON%20Semiconductor,https://www.mouser.ca/datasheet/2/308/MC33171-D-1811126.pdf
,,,,,,,,,,,,,,,,,,,,,,,,,,true,false,ON SEMICONDUCTOR_RMS1,MC33172DR2G,,LOW POWER OP-AMP,,Active,Preferred,,TAPE & REEL,Yes,Legacy Inventory Status: Cleared,,,https://www.digikey.ca/product-detail/en/MC33172DR2G/MC33172DR2GOSCT-ND/1139694?utm_campaign=buynow&WT.z_cid=ref_octopart_dkc_buynow&utm_medium=aggregator&curr=cad&site=us&utm_source=octopart,http://www.onsemi.com/pub/Collateral/MC33171-D.PDF
1,true,true,false,false,false,0,10022145,"OPERATIONAL AMPLIFIER, SOT23-5",A        ECO-R252636,1,Each,Production,,IC4,,,,,,Part,BDRM,,1,,,true,false,NATIONAL SEMICONDUCTOR_RMS1,LMV321M5 NOPB,,OP-AMP,,Active,Preferred,,,Yes,Legacy Inventory Status: Cleared,,,https://www.digikey.ca/product-detail/en/LMV321M5-NOPB/LMV321M5-NOPBCT-ND/270766?utm_campaign=buynow&WT.z_cid=ref_octopart_dkc_buynow&utm_medium=aggregator&curr=cad&site=us&utm_source=octopart,http://www.ti.com/general/docs/suppproductinfo.tsp?distId=10&gotoUrl=http%3A%2F%2Fwww.ti.com%2Flit%2Fgpn%2Flmv321-n
,,,,,,,,,,,,,,,,,,,,,,,,,,true,false,TEXAS INSTRUMENTS_RMS1,LMV321IDBVT,,OP-AMP,,Active,Preferred,,ROHS EXEMPT: 15,Yes - by exemption,Legacy Inventory Status: Cleared,,,https://www.digikey.ca/product-detail/en/LMV321IDBVT/296-26110-1-ND/2254858?utm_campaign=buynow&WT.z_cid=ref_octopart_dkc_buynow&utm_medium=aggregator&curr=cad&site=us&utm_source=octopart,http://www.ti.com/lit/ds/symlink/lmv324.pdf
1,true,true,false,false,false,0,10022147,"IC, CHARGE CONTROLLER, NICD/NIMH",B        ECO-R252636,1,Each,Production,,IC6,,,,,,Part,BDRM,,1,,,true,false,TEXAS INSTRUMENTS_RMS1,BQ2002CSNTR,,NICD/NIMH FAST-CHARGE MANAGEMENT IC,,Active,Preferred,,ROHS EXMEPTION: 15,Yes - by exemption,Legacy Inventory Status: Cleared,,,https://www.digikey.ca/product-detail/en/BQ2002CSNTR/296-38048-1-ND/4967253?utm_campaign=buynow&WT.z_cid=ref_octopart_dkc_buynow&utm_medium=aggregator&curr=cad&site=us&utm_source=octopart,http://www.ti.com/general/docs/suppproductinfo.tsp?distId=10&gotoUrl=http%3A%2F%2Fwww.ti.com%2Flit%2Fgpn%2Fbq2002c
,,,,,,,,,,,,,,,,,,,,,,,,,,true,false,TEXAS INSTRUMENTS_RMS1,BQ2002CSN,,NICD/NIMH FAST-CHARGE MANAGEMENT IC,,Active,Preferred,,ROHS EXMEPTION: 15,Yes - by exemption,Legacy Inventory Status: Cleared,,,https://www.digikey.ca/product-detail/en/BQ2002CSN/296-9318-5-ND/379862?utm_campaign=buynow&WT.z_cid=ref_octopart_dkc_buynow&utm_medium=aggregator&curr=cad&site=us&utm_source=octopart,http://www.ti.com/general/docs/suppproductinfo.tsp?distId=10&gotoUrl=http%3A%2F%2Fwww.ti.com%2Flit%2Fgpn%2Fbq2002c
1,true,true,false,false,false,0,10022148,"IC, COMPARATOR WITH VOLTAGE REF, 1.8V, SOT23",B        ECO-R252636,2,Each,Production,,"IC7,IC9",,,,,,Part,BDRM,,1,,,true,false,TEXAS INSTRUMENTS_RMS1,TLV3011AIDBVR,,,,Active,Alternate,,ROHS EXEMPT: 15,Yes - by exemption,Legacy Inventory Status: Cleared,,,https://www.digikey.ca/product-detail/en/TLV3011AIDBVR/296-39259-1-ND/5143251?utm_campaign=buynow&WT.z_cid=ref_octopart_dkc_buynow&utm_medium=aggregator&curr=cad&site=us&utm_source=octopart,http://www.ti.com/general/docs/suppproductinfo.tsp?distId=10&gotoUrl=http%3A%2F%2Fwww.ti.com%2Flit%2Fgpn%2Ftlv3011
,,,,,,,,,,,,,,,,,,,,,,,,,,true,false,TEXAS INSTRUMENTS_RMS1,TLV3011AIDBVT,,"COMPARATOR WITH VOLTAGE REFERENCE,1.8V",,Active,Preferred,,ROHS EXEMPT: 15,Yes - by exemption,Legacy Inventory Status: Cleared,,,https://www.digikey.ca/product-detail/en/TLV3011AIDBVT/296-16745-1-ND/618969?utm_campaign=buynow&WT.z_cid=ref_octopart_dkc_buynow&utm_medium=aggregator&curr=cad&site=us&utm_source=octopart,http://www.ti.com/general/docs/suppproductinfo.tsp?distId=10&gotoUrl=http%3A%2F%2Fwww.ti.com%2Flit%2Fgpn%2Ftlv3011
1,true,true,false,false,false,0,10022149,"RESISTOR 100K OHM, 0.063W, +/-1%, 0402",B        ECO-R252636,14,Each,Production,,"R1,R2,R3,R10,R24,R29,R38,R39,R42,R47,R59,R63,R64,R67",,,,,,Part,BDRM,,1,,,true,false,VISHAY_RMS1,CRCW0402100KFKED,,RESISTOR SMD 100K OHM 1% 1/16W 0402 VISHAY,,Active,Preferred,,ROHS EXEMPT: 7 (C)-1,RoHS3 Compliant with exemptions,Exemption 7(c)-I shown on RoHS evidence,,,https://www.digikey.ca/product-detail/en/CRCW0402100KFKED/541-100KLCT-ND/1183351?utm_campaign=buynow&WT.z_cid=ref_octopart_dkc_buynow&utm_medium=aggregator&curr=cad&site=us&utm_source=octopart,http://www.vishay.com/docs/20035/dcrcwe3.pdf
,,,,,,,,,,,,,,,,,,,,,,,,,,true,false,YAGEO_RMS1,RC0402FR-07100KL,232270671004L,"RESISTOR, METAL GLAZE/THICK FILM, 0.0625 W, 1 %, 100 PPM, 100000 OHM, SURFACE MOUNT, 0402",,Active,Preferred,,BRAND: PHYCOMP.ROHS EXEMPT: 7 (C)-1,Yes - by exemption,Legacy Inventory Status: Cleared,,,https://www.componentonline.com/search?search_key=2322-706-71004L,
,,,,,,,,,,,,,,,,,,,,,,,,,,true,false,YAGEO_RMS1,RC0402FR-07100KL,,RESISTOR 100k 1% 0.0625W 0402 YAGEO,,Active,Preferred,,ROHS EXEMPT: 7 (C)-1,RoHS3 Compliant with exemptions,Exemption 7(c)-I shown on RoHS evidence,,,https://www.digikey.ca/product-detail/en/RC0402FR-07100KL/311-100KLRCT-ND/729473?utm_campaign=buynow&WT.z_cid=ref_octopart_dkc_buynow&utm_medium=aggregator&curr=cad&site=us&utm_source=octopart,https://www.yageo.com/upload/media/product/productsearch/datasheet/rchip/PYu-RC_Group_51_RoHS_L_10.pdf
1,true,true,false,false,false,0,10022150,"RESISTOR,10K OHM, 0.063W, +/-1%, 0402",B        ECO-R252636,14,Each,Production,,"R4,R5,R16,R17,R32,R34,R49,R51,R52,R61,R62,R66,R68,R70",,,,,,Part,BDRM,,1,,,true,false,YAGEO_RMS1,RC0402FR-0710KL,,RES SMD 10K OHM 1% 1/16W 0402,,Active,Preferred,,ROHS EXEMPTION: 7(C)-1,RoHS3 Compliant with exemptions,Exemption 7(c)-I shown on RoHS evidence,,,https://www.digikey.ca/product-detail/en/RC0402FR-0710KL/311-10.0KLRDKR-ND/732417?utm_campaign=buynow&WT.z_cid=ref_octopart_dkc_buynow&utm_medium=aggregator&curr=cad&site=us&utm_source=octopart,https://www.yageo.com/upload/media/product/productsearch/datasheet/rchip/PYu-RC_Group_51_RoHS_L_10.pdf
,,,,,,,,,,,,,,,,,,,,,,,,,,true,false,VISHAY_RMS1,CRCW040210K0FKED,,RES SMD 10K OHM 1% 1/16W 0402,,Active,Preferred,,ROHS EXEMPTION: 7(C)-1,RoHS3 Compliant with exemptions,Exemption 7(c)-I shown on RoHS evidence,,,https://www.digikey.ca/product-detail/en/CRCW040210K0FKED/541-10.0KLCT-ND/1183237?utm_campaign=buynow&WT.z_cid=ref_octopart_dkc_buynow&utm_medium=aggregator&curr=cad&site=us&utm_source=octopart,http://www.vishay.com/docs/20035/dcrcwe3.pdf
,,,,,,,,,,,,,,,,,,,,,,,,,,true,false,YAGEO_RMS1,RC0402FR-0710KL,232270671003L,"RESISTOR, METAL GLAZE/THICK FILM, 0.0625 W, 1 %, 100 PPM, 10000 OHM, SURFACE MOUNT, 0402",,Active,Preferred,,BRAND: PHYCOMP.ROHS EXEMPTION: 7(C)-1,Yes - by exemption,Legacy Inventory Status: Cleared,,,https://www.componentonline.com/search?search_key=2322-706-71003L,
1,true,true,false,false,false,0,10022151,"RESISTOR 59 KOHMS, 0.063W, +/-1% 0402",B        ECO-R252636,2,Each,Production,,"R6,R45",,,,,,Part,BDRM,,1,,,true,false,VISHAY_RMS1,CRCW040259K0FKED,,THICK FILM RECTANGULAR CHIP RESISTOR,,Active,Preferred,,ROHS EXEMPT:7(C)-1,Yes - by exemption,Legacy Inventory Status: Cleared,,,https://www.digikey.ca/product-detail/en/CRCW040259K0FKED/541-59.0KLCT-ND/1183325?utm_campaign=buynow&WT.z_cid=ref_octopart_dkc_buynow&utm_medium=aggregator&curr=cad&site=us&utm_source=octopart,https://www.yageo.com/upload/media/product/productsearch/datasheet/rchip/PYu-RC_Group_51_RoHS_L_10.pdf
,,,,,,,,,,,,,,,,,,,,,,,,,,true,false,YAGEO_RMS1,RC0402FR-0759KL,,"RESISTOR, METAL GLAZE/THICK FILM, 0.0625 W, 1 %, 100 PPM, 59000 OHM, SURFACE MOUNT, 0402",,Active,Preferred,,ROHS EXEMPT:7(C)-1,Yes - by exemption,Legacy Inventory Status: Cleared,,,https://www.digikey.ca/product-detail/en/RC0402FR-0759KL/311-59KLRCT-ND/2827951?utm_campaign=buynow&WT.z_cid=ref_octopart_dkc_buynow&utm_medium=aggregator&curr=cad&site=us&utm_source=octopart,https://www.yageo.com/upload/media/product/productsearch/datasheet/rchip/PYu-RC_Group_51_RoHS_L_10.pdf
,,,,,,,,,,,,,,,,,,,,,,,,,,true,false,YAGEO_RMS1,RC0402FR-0759KL,232270675903L,"RESISTOR, METAL GLAZE/THICK FILM, 0.0625 W, 1 %, 100 PPM, 59000 OHM, SURFACE MOUNT, 0402",,Active,Preferred,,BRAND: PHYCOMP.ROHS EXEMPT:7(C)-1,Yes - by exemption,Legacy Inventory Status: Cleared,,,,
1,true,true,false,false,false,0,10022152,"RESISTOR, 51.1 KOHM, 0.063W, +/-1%,0402",B        ECO-R252636,1,Each,Production,,R7,,,,,,Part,BDRM,,1,,,true,false,YAGEO_RMS1,RC0402FR-0751K1L,,"RESISTOR, METAL GLAZE/THICK FILM, 0.0625 W, 1 %, 100 PPM, 51100 OHM, SURFACE MOUNT, 0402",,Active,Preferred,,ROHS EXEMPT: 7(C)-1,Yes - by exemption,Legacy Inventory Status: Cleared,,,https://www.digikey.ca/product-detail/en/RC0402FR-0751K1L/311-51.1KLRCT-ND/729577?utm_campaign=buynow&WT.z_cid=ref_octopart_dkc_buynow&utm_medium=aggregator&curr=cad&site=us&utm_source=octopart,https://www.yageo.com/upload/media/product/productsearch/datasheet/rchip/PYu-RC_Group_51_RoHS_L_10.pdf
,,,,,,,,,,,,,,,,,,,,,,,,,,true,false,VISHAY_RMS1,CRCW040251K1FKED,,THICK FILM RECTANGULAR CHIP RESISTOR,,Active,Preferred,,ROHS EXEMPT: 7(C)-1,Yes - by exemption,Legacy Inventory Status: Cleared,,,https://www.digikey.ca/product-detail/en/CRCW040251K1FKED/541-51.1KLCT-ND/1183318?utm_campaign=buynow&WT.z_cid=ref_octopart_dkc_buynow&utm_medium=aggregator&curr=cad&site=us&utm_source=octopart,http://www.vishay.com/docs/20035/dcrcwe3.pdf
,,,,,,,,,,,,,,,,,,,,,,,,,,true,false,YAGEO_RMS1,RC0402FR-0751K1L,232270675113L,"RESISTOR, METAL GLAZE/THICK FILM, 0.0625 W, 1 %, 100 PPM, 51100 OHM, SURFACE MOUNT, 0402",,Active,Preferred,,BRAND: PHYCOMP.ROHS EXEMPT: 7(C)-1,Yes - by exemption,Legacy Inventory Status: Cleared,,,,
1,true,true,false,false,false,0,10022153,"RESISTOR, 1 KOHM, 0.063W,+/-1%, 0402",B        ECO-R252636,2,Each,Production,,"R8,R33",,,,,,Part,BDRM,,1,,,true,false,YAGEO_RMS1,RC0402FR-071KL,232270671002L,"RESISTOR, METAL GLAZE/THICK FILM, 0.0625 W, 1 %, 100 PPM, 1000 OHM, SURFACE MOUNT, 0402",,Active,Preferred,,BRAND: PHYCOMP.ROHS EXMEPT: 7(C)-1,Yes - by exemption,Legacy Inventory Status: Cleared,,,,
,,,,,,,,,,,,,,,,,,,,,,,,,,true,false,YAGEO_RMS1,RC0402FR-071KL,,RESISTOR 1k 1% 0.0625W 0402 YAGEO,,Active,Preferred,,ROHS EXMEPT: 7(C)-1,RoHS3 Compliant with exemptions,Exemption 7(c)-I shown on RoHS evidence,,,https://www.digikey.ca/product-detail/en/RC0402FR-071KL/311-1.00KLRCT-ND/729460?utm_campaign=buynow&WT.z_cid=ref_octopart_dkc_buynow&utm_medium=aggregator&curr=cad&site=us&utm_source=octopart,https://www.yageo.com/upload/media/product/productsearch/datasheet/rchip/PYu-RC_Group_51_RoHS_L_10.pdf
,,,,,,,,,,,,,,,,,,,,,,,,,,true,false,VISHAY_RMS1,CRCW04021K00FKED,,RES 1.00K OHM 1/16W 1% 0402 SMD,,Active,Preferred,,ROHS EXMEPT: 7(C)-1,RoHS3 Compliant with exemptions,Exemption 7(c)-I shown on RoHS evidence,,,https://www.digikey.ca/product-detail/en/CRCW04021K00FKED/541-1.00KLCT-ND/1183123?utm_campaign=buynow&WT.z_cid=ref_octopart_dkc_buynow&utm_medium=aggregator&curr=cad&site=us&utm_source=octopart,http://www.vishay.com/docs/20035/dcrcwe3.pdf
1,true,true,false,false,false,0,10022154,"RESISTOR,32.4 KOHMS,0.063W,+/-1%,0402",B        ECO-R252636,2,Each,Production,,"R9,R28",,,,,,Part,BDRM,,1,,,true,false,YAGEO_RMS1,RC0402FR-0732K4L,,"RESISTOR, METAL GLAZE/THICK FILM, 0.0625 W, 1 %, 100 PPM, 32400 OHM, SURFACE MOUNT, 0402",,Active,Preferred,,ROHS EXEMPT:7(C)-1,Yes - by exemption,Legacy Inventory Status: Cleared,,,https://www.digikey.ca/product-detail/en/RC0402FR-0732K4L/YAG3119CT-ND/5281984?utm_campaign=buynow&WT.z_cid=ref_octopart_dkc_buynow&utm_medium=aggregator&curr=cad&site=us&utm_source=octopart,https://www.yageo.com/upload/media/product/productsearch/datasheet/rchip/PYu-RC_Group_51_RoHS_L_10.pdf
,,,,,,,,,,,,,,,,,,,,,,,,,,true,false,VISHAY_RMS1,CRCW040232K4FKED,,THICK FILM RECTANGULAR CHIP RESISTOR,,Active,Preferred,,ROHS EXEMPT:7(C)-1,Yes - by exemption,Legacy Inventory Status: Cleared,,,https://www.digikey.ca/product-detail/en/CRCW040232K4FKED/541-32.4KLCT-ND/1183293?utm_campaign=buynow&WT.z_cid=ref_octopart_dkc_buynow&utm_medium=aggregator&curr=cad&site=us&utm_source=octopart,http://www.vishay.com/docs/20035/dcrcwe3.pdf
,,,,,,,,,,,,,,,,,,,,,,,,,,true,false,YAGEO_RMS1,RC0402FR-0732K4L,232270673243L,"RESISTOR, METAL GLAZE/THICK FILM, 0.0625 W, 1 %, 100 PPM, 32400 OHM, SURFACE MOUNT, 0402",,Active,Preferred,,BRAND: PHYCOMP.ROHS EXEMPT:7(C)-1,Yes - by exemption,Legacy Inventory Status: Cleared,,,,
1,true,true,false,false,false,0,10022155,"RESISTOR,105 KOHM,0.063W,+/-1%,0402",B        ECO-R252636,1,Each,Production,,R11,,,,,,Part,BDRM,,1,,,true,false,YAGEO_RMS1,RC0402FR-07105KL,,"RESISTOR, METAL GLAZE/THICK FILM, 0.0625 W, 1 %, 100 PPM, 105000 OHM, SURFACE MOUNT, 0402",,Active,Preferred,,ROHS EXEMPTION: 7(C)-1,Yes - by exemption,Legacy Inventory Status: Cleared,,,https://www.digikey.ca/product-detail/en/RC0402FR-07105KL/YAG2946CT-ND/5281811?utm_campaign=buynow&WT.z_cid=ref_octopart_dkc_buynow&utm_medium=aggregator&curr=cad&site=us&utm_source=octopart,https://www.yageo.com/upload/media/product/productsearch/datasheet/rchip/PYu-RC_Group_51_RoHS_L_10.pdf
,,,,,,,,,,,,,,,,,,,,,,,,,,true,false,YAGEO_RMS1,RC0402FR-07105KL,232270671054L,"RESISTOR, METAL GLAZE/THICK FILM, 0.0625 W, 1 %, 100 PPM, 105000 OHM, SURFACE MOUNT, 0402",,Active,Preferred,,BRAND: PHYCOMP. ROHS EXEMPTION: 7(C)-1,Yes - by exemption,Legacy Inventory Status: Cleared,,,,
,,,,,,,,,,,,,,,,,,,,,,,,,,true,false,VISHAY_RMS1,CRCW0402105KFKED,,THICK FILM RECTANGULAR CHIP RESISTOR,,Active,Preferred,,ROHS EXEMPTION: 7(C)-1,Yes - by exemption,Legacy Inventory Status: Cleared,,,https://www.digikey.ca/product-detail/en/CRCW0402105KFKED/541-105KLCT-ND/1183353?utm_campaign=buynow&WT.z_cid=ref_octopart_dkc_buynow&utm_medium=aggregator&curr=cad&site=us&utm_source=octopart,http://www.vishay.com/docs/20035/dcrcwe3.pdf
1,true,true,false,false,false,0,10022156,"RESISTOR, 470 OHM, 0.063W, +/-1%, 0402",B        ECO-R252636,2,Each,Production,,"R12,R22",,,,,,Part,BDRM,,1,,,true,false,YAGEO_RMS1,RC0402FR-07470RL,,,,Active,Preferred,,ROHS EXEMPT: 7(C)-1,Yes - by exemption,Legacy Inventory Status: Cleared,,,https://www.digikey.ca/product-detail/en/RC0402FR-07470RL/311-470LRCT-ND/729566?utm_campaign=buynow&WT.z_cid=ref_octopart_dkc_buynow&utm_medium=aggregator&curr=cad&site=us&utm_source=octopart,https://www.yageo.com/upload/media/product/productsearch/datasheet/rchip/PYu-RC_Group_51_RoHS_L_10.pdf
,,,,,,,,,,,,,,,,,,,,,,,,,,true,false,YAGEO_RMS1,RC0402FR-07470RL,232270674701L,"RESISTOR, METAL GLAZE/THICK FILM, 0.0625 W, 1 %, 100 PPM, 470 OHM, SURFACE MOUNT, 0402",,Active,Preferred,,BRAND: PHYCOMP.ROHS EXEMPT: 7(C)-1,Yes - by exemption,Legacy Inventory Status: Cleared,,,,
,,,,,,,,,,,,,,,,,,,,,,,,,,true,false,VISHAY_RMS1,CRCW0402470RFKED,,RES 470 OHM 1/16W 1% 0402 SMD,,Active,Preferred,,ROHS EXEMPT: 7(C)-1,Yes - by exemption,Legacy Inventory Status: Cleared,,,https://www.digikey.ca/product-detail/en/CRCW0402470RFKED/541-470LCT-ND/1183085?utm_campaign=buynow&WT.z_cid=ref_octopart_dkc_buynow&utm_medium=aggregator&curr=cad&site=us&utm_source=octopart,http://www.vishay.com/docs/20035/dcrcwe3.pdf
1,true,true,false,false,false,0,10022158,"SWITCHING REGULATOR,40V, 1.3 A",A        ECO-R252636,1,Each,Production,,IC8,,,,,,Part,BDRM,,1,,,true,false,LINEAR TECHNOLOGY_RMS1,LT3471EDD#PBF,,DUAL BOOST INVERTER,,Active,Preferred,,,Yes,Legacy Inventory Status: Cleared,,,https://www.digikey.ca/product-detail/en/LT3471EDD%2523PBF/LT3471EDD%2523PBF-ND/963198?utm_campaign=buynow&WT.z_cid=ref_octopart_dkc_buynow&utm_medium=aggregator&curr=cad&site=us&utm_source=octopart,http://www.linear.com/docs/5130
,,,,,,,,,,,,,,,,,,,,,,,,,,true,false,LINEAR TECHNOLOGY_RMS1,LT3471EDD#TRPBF,,DUAL BOOST INVERTER,,Active,Preferred,,TAPE & REEL,Yes,Legacy Inventory Status: Cleared,,,https://www.digikey.ca/product-detail/en/LT3471EDD%2523TRPBF/LT3471EDD%2523TRPBFCT-ND/3885229?utm_campaign=buynow&WT.z_cid=ref_octopart_dkc_buynow&utm_medium=aggregator&curr=cad&site=us&utm_source=octopart,http://www.linear.com/docs/5130
1,true,true,false,false,false,0,10022162,"INDUCTOR, STORAGE 10UH, WE-TPC",A        ECO-R252636,1,Each,Production,,L2,,,,,,Part,BDRM,,1,,,true,false,TAIYO YUDEN_RMS1,NR 4018T 100M,,SMD INDUCTOR,,Active,Preferred,,,Yes,Legacy Inventory Status: Cleared,,,https://www.digikey.ca/product-detail/en/NR4018T100M/587-1664-1-ND/1008279?utm_campaign=buynow&WT.z_cid=ref_octopart_dkc_buynow&utm_medium=aggregator&curr=cad&site=us&utm_source=octopart,https://www.yuden.co.jp/productdata/catalog/wound04_e.pdf
,,,,,,,,,,,,,,,,,,,,,,,,,,true,false,WURTH ELEKTRONIK GMBH,744031100,,POWER CHOKE,,Active,Preferred,,,Yes,Legacy Inventory Status: Cleared,,,https://www.digikey.ca/product-detail/en/744031100/732-1010-1-ND/1639071?utm_campaign=buynow&WT.z_cid=ref_octopart_dkc_buynow&utm_medium=aggregator&curr=cad&site=us&utm_source=octopart,https://assets.nexperia.com/documents/data-sheet/BAT54_SER.pdf
1,true,true,true,false,false,0,10022518,"DIODE SCHOTTKY, 200MA,30V,SOD23DIO",C        ECO-R252633,3,Each,Production,,"D3,D4,D9",,,,,,Part,BDRM,,1,,,true,false,NXP SEMICONDUCTORS_RMS1,"BAT54S,215",,,,Active,Preferred,,,Yes,Legacy Inventory Status: Cleared,,,"https://www.digikey.ca/product-detail/en/BAT54S,215/1727-2904-1-ND/763441?utm_campaign=buynow&WT.z_cid=ref_octopart_dkc_buynow&utm_medium=aggregator&curr=cad&site=us&utm_source=octopart",https://assets.nexperia.com/documents/data-sheet/BAT54_SER.pdf
,,,,,,,,,,,,,,,,,,,,,,,,,,true,false,NXP SEMICONDUCTORS_RMS1,BAT54S,,SCHOTTKY BARRIER (DOUBLE) DIODE,,Active,Preferred,,,Yes,Legacy Inventory Status: Cleared,,,https://greenchips.com/detail/NXP%20Semiconductors/BAT54S?utm_source=octoparts&utm_medium=buyNow&utm_campaign=cpc&utm_term=BAT54S,
1,true,true,false,false,false,0,10022607,"CAPACITOR,100NF,16V,+/-10%,X7R,0402",D        EC113997,16,Each,Production,,"C5,C7,C8,C9,C10,C11,C15,C16,C17,C18,C19,C25,C30,C31,C32,C33",,,,,,Part,BDRM,,1,,,true,false,YAGEO_RMS1,CC0402KRX7R7BB104,,CAP CER 0.1uF 16V X7R 10% 0402,,Active,Preferred,,,RoHS3 Compliant,Cleared,,,https://www.digikey.ca/product-detail/en/CC0402KRX7R7BB104/311-1338-1-ND/2103122?utm_campaign=buynow&WT.z_cid=ref_octopart_dkc_buynow&utm_medium=aggregator&curr=cad&site=us&utm_source=octopart,https://www.yageo.com/upload/media/product/productsearch/datasheet/mlcc/UPY-GPHC_X7R_6.3V-to-50V_18.pdf
,,,,,,,,,,,,,,,,,,,,,,,,,,true,false,YAGEO_RMS1,223878715649,223878715649,"CAPACITOR, CERAMIC, MULTILAYER, 16 V, X7R, 0.1 UF, SURFACE MOUNT, 0402",,Active,Preferred,,BRAND: PHYCOMP,Yes,Legacy Inventory Status: Cleared,,,https://www.arrow.com/en/products/grm155r71c104ja88j/murata-manufacturing?utm_campaign=octopart_2018&utm_currency=CAD&utm_keyword=GRM155R71C104JA88J&utm_medium=aggregator&utm_content=inv_listing&utm_source=octopart,
,,,,,,,,,,,,,,,,,,,,,,,,,,true,false,"MURATA MANUFACTURING CO., LTD.",GRM155R71C104KA88D,,MONOLITHIC CERAMIC CAPACITOR,,Active,Preferred,,,Yes,Legacy Inventory Status: Cleared,,,https://www.digikey.ca/product-detail/en/GRM155R71C104KA88D/490-3261-1-ND/702802?utm_campaign=buynow&WT.z_cid=ref_octopart_dkc_buynow&utm_medium=aggregator&curr=cad&site=us&utm_source=octopart,https://search.murata.co.jp/Ceramy/image/img/A01X/G101/ENG/GRM155R71C104KA88-01.pdf
,,,,,,,,,,,,,,,,,,,,,,,,,,true,false,MURATA,GRM155R71C104JA88J,,"CAPACITOR, CERAMIC, MULTILAYER, 16V, X7R, 0.1UF, 0402",,Active,Preferred,,,Yes,CLEARED,,,https://www.digikey.ca/product-detail/en/GRM155R71C104JA88J/GRM155R71C104JA88J-ND/4905170?utm_campaign=buynow&WT.z_cid=ref_octopart_dkc_buynow&utm_medium=aggregator&curr=cad&site=us&utm_source=octopart,https://search.murata.co.jp/Ceramy/image/img/A01X/G101/ENG/GRM155R71C104JA88-01.pdf
1,true,true,false,false,false,0,10022624,"INDUCTOR, STORAGE, 15UH, WE-TPC",A        ECO-R252636,2,Each,Production,,"L3,L4",,,,,,Part,BDRM,,1,,,true,false,TAIYO YUDEN_RMS1,NR 4012T 150M,,SMD INDUCTOR,,Active,Preferred,,,Yes,Legacy Inventory Status: Cleared,,,https://www.digikey.ca/product-detail/en/NR4012T150M/587-2653-1-ND/2350024?utm_campaign=buynow&WT.z_cid=ref_octopart_dkc_buynow&utm_medium=aggregator&curr=cad&site=us&utm_source=octopart,https://www.yuden.co.jp/productdata/catalog/wound04_e.pdf
,,,,,,,,,,,,,,,,,,,,,,,,,,true,false,WURTH ELEKTRONIK GMBH,744031150,,POWER CHOKE,,Active,Preferred,,,Yes,Legacy Inventory Status: Cleared,,,https://www.digikey.ca/product-detail/en/744031150/732-1011-1-ND/1639072?utm_campaign=buynow&WT.z_cid=ref_octopart_dkc_buynow&utm_medium=aggregator&curr=cad&site=us&utm_source=octopart,https://katalog.we-online.de/pbs/datasheet/744031150.pdf
1,true,true,false,false,false,0,10022627,"CAPACITOR,33NF,+/-10%,16V,X7R,0603",B        ECO-R252636,2,Each,Production,,"C13,C14",,,,,,Part,BDRM,,1,,,true,false,AVX_RMS1,0603YC333KAT2A,,X7R DIELECTRIC,,Active,Preferred,,,Yes,Legacy Inventory Status: Cleared,,,https://www.digikey.ca/product-detail/en/0603YC333KAT2A/478-5898-1-ND/2177830?utm_campaign=buynow&WT.z_cid=ref_octopart_dkc_buynow&utm_medium=aggregator&curr=cad&site=us&utm_source=octopart,http://datasheets.avx.com/X7RDielectric.pdf
,,,,,,,,,,,,,,,,,,,,,,,,,,true,false,YAGEO_RMS1,CC0603KRX7R7BB333,,"CAPACITOR, CERAMIC, MULTILAYER, 16 V, X7R, 0.033 UF, SURFACE MOUNT, 0603",,Active,Preferred,,,Yes,Legacy Inventory Status: Cleared,,,https://www.digikey.ca/product-detail/en/0603YC333KAT2A/478-5898-1-ND/2177830?utm_campaign=buynow&WT.z_cid=ref_octopart_dkc_buynow&utm_medium=aggregator&curr=cad&site=us&utm_source=octopart,https://www.yageo.com/upload/media/product/productsearch/datasheet/mlcc/UPY-GPHC_X7R_6.3V-to-50V_18.pdf
,,,,,,,,,,,,,,,,,,,,,,,,,,true,false,YAGEO_RMS1,CC0603KRX7R7BB333,223878615643,"CAPACITOR, CERAMIC, MULTILAYER, 16 V, X7R, 0.033 UF, SURFACE MOUNT, 0603",,Active,Preferred,,BRAND: PHYCOMP,Yes,Legacy Inventory Status: Cleared,,,https://www.questcomp.com/SearchResults.aspx?pn=223878615643,
,,,,,,,,,,,,,,,,,,,,,,,,,,true,false,SAMSUNG_RMS1,CL10B333KO8NNNC,,MULTILAYER CERAMIC CHIP CAPACITOR,,Active,Preferred,,,Yes,Legacy Inventory Status: Cleared,,,https://www.digikey.ca/product-detail/en/CL10B333KO8NNNC/1276-2044-1-ND/3890130?utm_campaign=buynow&WT.z_cid=ref_octopart_dkc_buynow&utm_medium=aggregator&curr=cad&site=us&utm_source=octopart,https://media.digikey.com/pdf/Data%20Sheets/Samsung%20PDFs/CL_Series_MLCC_ds.pdf
1,true,true,false,false,false,0,10022653,"DIODE SCHOTTKY DOUBLE,30V, 200MA,SOT23",C        ECO-R252636,4,Each,Production,,"D2,D6,D16,D17",,,,,,Part,BDRM,,1,,,true,false,NXP SEMICONDUCTORS_RMS1,"BAT54C,215",,,,Active,Preferred,,,Yes,Legacy Inventory Status: Cleared,,,"https://www.digikey.ca/product-detail/en/BAT54C,215/1727-2902-1-ND/763439?utm_campaign=buynow&WT.z_cid=ref_octopart_dkc_buynow&utm_medium=aggregator&curr=cad&site=us&utm_source=octopart",https://assets.nexperia.com/documents/data-sheet/BAT54_SER.pdf
,,,,,,,,,,,,,,,,,,,,,,,,,,true,false,NXP SEMICONDUCTORS_RMS1,BAT54C,,SCHOTTKY BARRIER DOUBLE DIODE,,Active,Preferred,,,Yes,Legacy Inventory Status: Cleared,,,https://www.voyagercomponents.com/part-detail/BAT54C,
1,true,true,false,false,false,0,10022657,"DIODE ZENER, 0.35,5.1V, SOT23",B        ECO-R252636,1,Each,Production,,D7,,,,,,Part,BDRM,,1,,,true,false,NXP SEMICONDUCTORS_RMS1,BZX84-C5V1,,VOLTAGE REGULATOR DIODE,,Active,Preferred,,,Yes,Legacy Inventory Status: Cleared,,,https://www.voyagercomponents.com/part-detail/BZX84C5V1,
,,,,,,,,,,,,,,,,,,,,,,,,,,true,false,NXP SEMICONDUCTORS_RMS1,"BZX84-C5V1,215",,,,Active,Preferred,,,Yes,Legacy Inventory Status: Cleared,,,https://www.rocelec.com/part/NEXNXPBZX84-C5V1-215,
1,true,true,false,false,false,0,10022697,"RESISTOR,470 OHM, 0.125W,+/-1%, 0805",C        ECO-R252636,1,Each,Production,,R71,,,,,,Part,BDRM,,1,,,true,false,YAGEO_RMS1,RC0805FR-07470RL,232273464701L,"RESISTOR, METAL GLAZE/THICK FILM, 0.125 W, 1 %, 100 PPM, 470 OHM, SURFACE MOUNT, 0805",,Active,Preferred,,BRAND: PHYCOMP. ROHS EXEMPTION: 7(C)-1,Yes - by exemption,Legacy Inventory Status: Cleared,,,,
,,,,,,,,,,,,,,,,,,,,,,,,,,true,false,VISHAY_RMS1,CRCW0805470RFKEA,,THICK FILM RECTANGULAR CHIP RESISTOR,,Active,Preferred,,ROHS EXEMPTION: 7(C)-1,Yes - by exemption,Legacy Inventory Status: Cleared,,,https://www.digikey.ca/product-detail/en/CRCW0805470RFKEA/541-470CCT-ND/1180745?utm_campaign=buynow&WT.z_cid=ref_octopart_dkc_buynow&utm_medium=aggregator&curr=cad&site=us&utm_source=octopart,http://www.vishay.com/docs/20035/dcrcwe3.pdf
,,,,,,,,,,,,,,,,,,,,,,,,,,true,false,YAGEO_RMS1,RC0805FR-07470RL,232273464701,"RESISTOR, METAL GLAZE/THICK FILM, 0.125 W, 1 %, 100 PPM, 470 OHM, SURFACE MOUNT, 0805",,Active,Preferred,,BRAND: PHYCOMP.ROHS EXEMPTION: 7(C)-1,Yes - by exemption,Legacy Inventory Status: Cleared,,,,
,,,,,,,,,,,,,,,,,,,,,,,,,,true,false,YAGEO_RMS1,RC0805FR-07470RL,,"RESISTOR, METAL GLAZE/THICK FILM, 0.125 W, 1 %, 100 PPM, 470 OHM, SURFACE MOUNT, 0805",,Active,Preferred,,ROHS EXEMPTION: 7(C)-1,Yes - by exemption,Legacy Inventory Status: Cleared,,,https://www.digikey.ca/product-detail/en/RC0805FR-07470RL/311-470CRCT-ND/730923?utm_campaign=buynow&WT.z_cid=ref_octopart_dkc_buynow&utm_medium=aggregator&curr=cad&site=us&utm_source=octopart,https://www.yageo.com/upload/media/product/productsearch/datasheet/rchip/PYu-RC_Group_51_RoHS_L_10.pdf
,,,,,,,,,,,,,,,,,,,,,,,,,,true,false,NIC COMPONENTS CORP.,NRC10F4700TRF,,"RESISTOR, METAL GLAZE/THICK FILM, 0.125 W, 1 %, 100 PPM, 470 OHM, SURFACE MOUNT, 0805",,Active,Preferred,,ROHS EXEMPTION: 7(C)-1,Yes - by exemption,Legacy Inventory Status: Cleared,,,https://www.arrow.com/en/products/nrc10f4700trf/nic-components,https://datasheet.octopart.com/NRC10F4700TRF-NIC-Components-datasheet-10900480.pdf
1,true,true,false,false,false,0,10022725,"RESISTOR, 1.5 OHM,+/-1%,0.063W,0402",B        ECO-R252636,4,Each,Production,,"R13,R14,R19,R20",,,,,,Part,BDRM,,1,,,true,false,YAGEO_RMS1,RC0402FR-071R5L,,"RESISTOR, METAL GLAZE/THICK FILM, 0.0625 W, 1 %, 200 PPM, 1.5 OHM, SURFACE MOUNT, 0402",,Active,Preferred,,ROHS EXEMPT: 7(C)-1,Yes - by exemption,Legacy Inventory Status: Cleared,,,https://www.digikey.ca/product-detail/en/RC0402FR-071R5L/311-1.50LRCT-ND/1037146?utm_campaign=buynow&WT.z_cid=ref_octopart_dkc_buynow&utm_medium=aggregator&curr=cad&site=us&utm_source=octopart,https://www.yageo.com/upload/media/product/productsearch/datasheet/rchip/PYu-RC_Group_51_RoHS_L_10.pdf
,,,,,,,,,,,,,,,,,,,,,,,,,,true,false,YAGEO_RMS1,RC0402FR-071R5L,232270671508L,"RESISTOR, METAL GLAZE/THICK FILM, 0.0625 W, 1 %, 200 PPM, 1.5 OHM, SURFACE MOUNT, 0402",,Active,Preferred,,BRAND: PHYCOMP.ROHS EXEMPT: 7(C)-1,Yes - by exemption,Legacy Inventory Status: Cleared,,,,
,,,,,,,,,,,,,,,,,,,,,,,,,,true,false,VISHAY_RMS1,CRCW04021R50FKED,,RES SMD 1.5 OHM 1% 1/5W 0402,,Active,Preferred,,ROHS EXEMPT: 7(C)-1,Yes - by exemption,7(c)-I,,,https://www.digikey.ca/product-detail/en/CRCW04021R50FKED/541-1.50LLCT-ND/1961900?utm_campaign=buynow&WT.z_cid=ref_octopart_dkc_buynow&utm_medium=aggregator&curr=cad&site=us&utm_source=octopart,http://www.vishay.com/docs/20035/dcrcwe3.pdf
1,true,true,false,false,false,0,10022745,"RESISTOR, 33 OHM, +/-1%,0.063W, 0402",B        ECO-R252636,1,Each,Production,,R15,,,,,,Part,BDRM,,1,,,true,false,VISHAY_RMS1,CRCW040233R0FKED,,RESISTOR 33R 1% 0.0625W 0402 VISHAY,,Active,Preferred,,ROHS EXEMPT:7(C)-1,RoHS3 Compliant with exemptions,Cleared. Exemption 7(c)-I,,,https://www.digikey.ca/product-detail/en/CRCW040233R0FKED/541-33.0LCT-ND/1182952?utm_campaign=buynow&WT.z_cid=ref_octopart_dkc_buynow&utm_medium=aggregator&curr=cad&site=us&utm_source=octopart,http://www.vishay.com/docs/20035/dcrcwe3.pdf
,,,,,,,,,,,,,,,,,,,,,,,,,,true,false,YAGEO_RMS1,RC0402FR-0733RL,232270673309L,"RESISTOR, METAL GLAZE/THICK FILM, 0.0625 W, 1 %, 100 PPM, 33 OHM, SURFACE MOUNT, 0402",,Active,Preferred,,BRAND: PHYCOMP.ROHS EXEMPT:7(C)-1,Yes - by exemption,Legacy Inventory Status: Cleared,,,,
,,,,,,,,,,,,,,,,,,,,,,,,,,true,false,YAGEO_RMS1,RC0402FR-0733RL,,"RESISTOR, METAL GLAZE/THICK FILM, 0.0625 W, 1 %, 100 PPM, 33 OHM, SURFACE MOUNT, 0402",,Active,Preferred,,ROHS EXEMPT:7(C)-1,RoHS3 Compliant,Cleared. Exemption 7(c)-I,,,https://www.digikey.ca/product-detail/en/RC0402FR-0733RL/311-33.0LRCT-ND/729540?utm_campaign=buynow&WT.z_cid=ref_octopart_dkc_buynow&utm_medium=aggregator&curr=cad&site=us&utm_source=octopart,https://www.yageo.com/upload/media/product/productsearch/datasheet/rchip/PYu-RC_Group_51_RoHS_L_10.pdf
1,true,true,false,false,false,0,10022881,"RESISTOR, 150 KOHM,+/-1%,0.063W,0402",B        ECO-R252636,2,Each,Production,,"R18,R21",,,,,,Part,BDRM,,1,,,true,false,YAGEO_RMS1,232270671504L,,"RESISTOR, METAL GLAZE/THICK FILM, 0.0625 W, 1 %, 100 PPM, 150000 OHM, SURFACE MOUNT, 0402",,Active,Preferred,,BRAND: PHYCOMP. ROHS EXEMPT: 7(C)-1,Yes - by exemption,Legacy Inventory Status: Cleared,,,,
,,,,,,,,,,,,,,,,,,,,,,,,,,true,false,YAGEO_RMS1,RC0402FR-07150KL,,"RESISTOR, METAL GLAZE/THICK FILM, 0.0625 W, 1 %, 100 PPM, 150000 OHM, SURFACE MOUNT, 0402",,Active,Preferred,,ROHS EXEMPT: 7(C)-1,Yes,Legacy Inventory Status: Cleared,,,https://www.digikey.ca/product-detail/en/RC0402FR-07150KL/311-150KLRCT-ND/729489?utm_campaign=buynow&WT.z_cid=ref_octopart_dkc_buynow&utm_medium=aggregator&curr=cad&site=us&utm_source=octopart,https://www.yageo.com/upload/media/product/productsearch/datasheet/rchip/PYu-RC_Group_51_RoHS_L_10.pdf
,,,,,,,,,,,,,,,,,,,,,,,,,,true,false,VISHAY_RMS1,CRCW0402150KFKED,,"THICK FILM, RECTANGULAR CHIP RESISTORS",,Active,Preferred,,ROHS EXEMPT: 7(C)-1,Yes - by exemption,7C-1,,,https://www.digikey.ca/product-detail/en/CRCW0402150KFKED/541-150KLCT-ND/1183369?utm_campaign=buynow&WT.z_cid=ref_octopart_dkc_buynow&utm_medium=aggregator&curr=cad&site=us&utm_source=octopart,http://www.vishay.com/docs/20035/dcrcwe3.pdf
1,true,true,false,false,false,0,10022911,"SMD FERRITE, 1A,1206",B        ECO-R252636,1,Each,Production,,L1,,,,,,Part,BDRM,,1,,,true,false,WURTH ELEKTRONIK GMBH,74279218,,MULTILAYER-SMD-FERRITE,,Active,Preferred,,ROHS EXEMPT: 7(C)-1,Yes,Legacy Inventory Status: Cleared,,,https://www.digikey.ca/product-detail/en/74279218/732-1623-1-ND/1639567?utm_campaign=buynow&WT.z_cid=ref_octopart_dkc_buynow&utm_medium=aggregator&curr=cad&site=us&utm_source=octopart,https://katalog.we-online.de/pbs/datasheet/74279218.pdf
1,true,true,false,false,false,0,10022957,"RESISTOR, 2.2 KOHM, +/-1%, 0.063W, 0402",B        ECO-R252636,2,Each,Production,,"R23,R65",,,,,,Part,BDRM,,1,,,true,false,YAGEO_RMS1,RC0402FR-072K2L,,"RESISTOR, METAL GLAZE/THICK FILM, 0.0625 W, 1 %, 100 PPM, 2200 OHM, SURFACE MOUNT, 0402",,Active,Preferred,,ROHS EXMEPT: 7(C)-1,RoHS3 Compliant with exemptions,Cleared. Exemption 7(c)-I,,,https://www.digikey.ca/product-detail/en/RC0402FR-072K2L/311-2.20KLRCT-ND/729500?utm_campaign=buynow&WT.z_cid=ref_octopart_dkc_buynow&utm_medium=aggregator&curr=cad&site=us&utm_source=octopart,https://www.yageo.com/upload/media/product/productsearch/datasheet/rchip/PYu-RC_Group_51_RoHS_L_10.pdf
,,,,,,,,,,,,,,,,,,,,,,,,,,true,false,YAGEO_RMS1,232270672202L,,"RESISTOR, METAL GLAZE/THICK FILM, 0.0625 W, 1 %, 100 PPM, 2200 OHM, SURFACE MOUNT, 0402",,Active,Preferred,,BRAND: PHYCOMP.ROHS EXMEPT: 7(C)-1,Yes - by exemption,Legacy Inventory Status: Cleared,,,https://www.componentonline.com/search?search_key=2322-706-72202L,
,,,,,,,,,,,,,,,,,,,,,,,,,,true,false,VISHAY_RMS1,CRCW04022K20FKED,,RESISTOR 2k2 1% 0.0625W 0402 VISHAY,,Active,Preferred,,ROHS EXMEPT: 7(C)-1,RoHS3 Compliant with exemptions,Cleared. Exemption 7(c)?I,,,https://www.digikey.ca/product-detail/en/CRCW04022K20FKED/541-2.20KLCT-ND/1183159?utm_campaign=buynow&WT.z_cid=ref_octopart_dkc_buynow&utm_medium=aggregator&curr=cad&site=us&utm_source=octopart,http://www.vishay.com/docs/20035/dcrcwe3.pdf
1,true,true,false,false,false,0,10022958,"CAPACITOR, 10NF, 16V +/2%, 0805",A        ECO-R252636,1,Each,Production,,C3,,,,,,Part,BDRM,,1,,,true,false,PANASONIC_RMS1,ECHU1C103GX5,,PLASTIC FILM CAPACITOR,,Active,Preferred,,,Yes,Legacy Inventory Status: Cleared,,,https://www.digikey.ca/product-detail/en/ECH-U1C103GX5/PCF1177CT-ND/353724?utm_campaign=buynow&WT.z_cid=ref_octopart_dkc_buynow&utm_medium=aggregator&curr=cad&site=us&utm_source=octopart,http://industrial.panasonic.com/www-cgi/jvcr13pz.cgi?E+PZ+3+ABD0013+ECHU1C103GX5+7+WW
1,true,true,false,false,false,0,10022966,"CAPACITOR CERAMIC, 220PF, 50V,+/-5%, NPO,0402",C        ECO-R252636,1,Each,Production,,C2,,,,,,Part,BDRM,,1,,,true,false,YAGEO_RMS1,CC0402JRNPO9BN221,223886915221,"CAPACITOR, CERAMIC, MULTILAYER, 50 V, C0G, 0.00022 UF, SURFACE MOUNT, 0402",,Active,Preferred,,BRAND: PHYCOMP,Yes,Legacy Inventory Status: Cleared,,,,
,,,,,,,,,,,,,,,,,,,,,,,,,,true,false,"MURATA MANUFACTURING CO., LTD.",GRM1555C1H221JA01D,,MONOLITHIC CERAMIC CAPACITOR,,Active,Preferred,,,Yes,Legacy Inventory Status: Cleared,,,https://www.digikey.ca/product-detail/en/GRM1555C1H221JA01D/490-1293-1-ND/587915?utm_campaign=buynow&WT.z_cid=ref_octopart_dkc_buynow&utm_medium=aggregator&curr=cad&site=us&utm_source=octopart,https://search.murata.co.jp/Ceramy/image/img/A01X/G101/ENG/GRM1555C1H221JA01-01.pdf
,,,,,,,,,,,,,,,,,,,,,,,,,,true,false,YAGEO_RMS1,CC0402JRNPO9BN221,,"CAPACITOR, CERAMIC, MULTILAYER, 50 V, C0G, 0.00022 UF, SURFACE MOUNT, 0402",,Active,Preferred,,,Yes,Legacy Inventory Status: Cleared,,,https://www.digikey.ca/product-detail/en/CC0402JRNPO9BN221/311-1416-1-ND/2833722?utm_campaign=buynow&WT.z_cid=ref_octopart_dkc_buynow&utm_medium=aggregator&curr=cad&site=us&utm_source=octopart,http://industrial.panasonic.com/www-cgi/jvcr13pz.cgi?E+PZ+3+ABD0013+ECHU1C103GX5+7+WW
1,true,true,false,false,false,0,10023292,"RESISTOR,200 KOHM,+/-1%,0.063W,0402",B        ECO-R252636,1,Each,Production,,R69,,,,,,Part,BDRM,,1,,,true,false,YAGEO_RMS1,RC0402FR-07200KL,,RES SMD 200K OHM 1% 1/16W 0402,,Active,Preferred,,ROHS EXEMPT: 7(C)-1,Yes - by exemption,7(c)-I,,,https://www.digikey.ca/product-detail/en/RC0402FR-07200KL/311-200KLRCT-ND/729505?utm_campaign=buynow&WT.z_cid=ref_octopart_dkc_buynow&utm_medium=aggregator&curr=cad&site=us&utm_source=octopart,https://www.yageo.com/upload/media/product/productsearch/datasheet/rchip/PYu-RC_Group_51_RoHS_L_10.pdf
,,,,,,,,,,,,,,,,,,,,,,,,,,true,false,VISHAY_RMS1,CRCW0402200KFKED,,RES 200K OHM 1/16W 1% 0402 SMD,,Active,Preferred,,ROHS EXEMPT: 7(C)-1,Yes - by exemption,7(c)-I,,,https://www.digikey.ca/product-detail/en/CRCW0402200KFKED/541-200KLCT-ND/1183383?utm_campaign=buynow&WT.z_cid=ref_octopart_dkc_buynow&utm_medium=aggregator&curr=cad&site=us&utm_source=octopart,http://www.vishay.com/docs/20035/dcrcwe3.pdf
,,,,,,,,,,,,,,,,,,,,,,,,,,true,false,YAGEO_RMS1,RC0402FR-07200KL,232270672004L,"RESISTOR, METAL GLAZE/THICK FILM, 0.0625 W, 1 %, 100 PPM, 200000 OHM, SURFACE MOUNT, 0402",,Active,Preferred,,BRAND: PHYCOMP. ROHS EXEMPT: 7(C)-1,Yes - by exemption,Legacy Inventory Status: Cleared,,,,
1,true,true,false,false,false,0,10024439,"RESISTOR, 15 KOHM, +/-1%,0.063W,0402",B        ECO-R252636,1,Each,Production,,R55,,,,,,Part,BDRM,,1,,,true,false,YAGEO_RMS1,RC0402FR-0715KL,232270671503L,"RESISTOR, METAL GLAZE/THICK FILM, 0.0625 W, 1 %, 100 PPM, 15000 OHM, SURFACE MOUNT, 0402",,Active,Preferred,,BRAND: PHYCOMP.ROHS EXEMPT: 7(C)-1,Yes - by exemption,Legacy Inventory Status: Cleared,,,,
,,,,,,,,,,,,,,,,,,,,,,,,,,true,false,VISHAY_RMS1,CRCW040215K0FKED,,RES SMD 15K OHM 1% 1/16W 0402,,Active,Preferred,,ROHS EXEMPT: 7(C)-1,Yes - by exemption,7(c)-I,,,https://www.digikey.ca/product-detail/en/CRCW040215K0FKED/541-15.0KLCT-ND/1183255?utm_campaign=buynow&WT.z_cid=ref_octopart_dkc_buynow&utm_medium=aggregator&curr=cad&site=us&utm_source=octopart,http://www.vishay.com/docs/20035/dcrcwe3.pdf
,,,,,,,,,,,,,,,,,,,,,,,,,,true,false,YAGEO_RMS1,RC0402FR-0715KL,,RES SMD 15K OHM 1% 1/16W 0402,,Active,Preferred,,ROHS EXEMPT: 7(C)-1,Yes - by exemption,7(c)-I,,,https://www.digikey.ca/product-detail/en/RC0402FR-0715KL/311-15.0KLRCT-ND/729488?utm_campaign=buynow&WT.z_cid=ref_octopart_dkc_buynow&utm_medium=aggregator&curr=cad&site=us&utm_source=octopart,https://www.yageo.com/upload/media/product/productsearch/datasheet/rchip/PYu-RC_Group_51_RoHS_L_10.pdf
1,true,true,false,false,false,0,10024440,"RESISTOR, 182 KOHM,+/-1%, 0.063W,0402",B        ECO-R252636,1,Each,Production,,R56,,,,,,Part,BDRM,,1,,,true,false,YAGEO_RMS1,RC0402FR-07182KL,232270671824L,"RESISTOR, METAL GLAZE/THICK FILM, 0.0625 W, 1 %, 100 PPM, 182000 OHM, SURFACE MOUNT, 0402",,Active,Preferred,,BRAND: PHYCOMP.ROHS EXEMPT: 7(C)-1,Yes - by exemption,Legacy Inventory Status: Cleared,,,,
,,,,,,,,,,,,,,,,,,,,,,,,,,true,false,VISHAY_RMS1,CRCW0402182KFKED,,THICK FILM RECTANGULAR CHIP RESISTORS,,Active,Preferred,,ROHS EXEMPT: 7(C)-1,Yes - by exemption,7C-1,,,https://www.digikey.ca/product-detail/en/CRCW0402182KFKED/541-182KLCT-ND/1183379?utm_campaign=buynow&WT.z_cid=ref_octopart_dkc_buynow&utm_medium=aggregator&curr=cad&site=us&utm_source=octopart,http://www.vishay.com/docs/20035/dcrcwe3.pdf
,,,,,,,,,,,,,,,,,,,,,,,,,,true,false,YAGEO_RMS1,RC0402FR-07182KL,,"RESISTOR, METAL GLAZE/THICK FILM, 0.0625 W, 1 %, 100 PPM, 182000 OHM, SURFACE MOUNT, 0402",,Active,Preferred,,ROHS EXEMPT: 7(C)-1,Yes - by exemption,Legacy Inventory Status: Cleared,,,https://www.digikey.ca/product-detail/en/RC0402FR-07182KL/YAG3015CT-ND/5281880?utm_campaign=buynow&WT.z_cid=ref_octopart_dkc_buynow&utm_medium=aggregator&curr=cad&site=us&utm_source=octopart,https://www.yageo.com/upload/media/product/productsearch/datasheet/rchip/PYu-RC_Group_51_RoHS_L_10.pdf
1,true,true,false,false,false,0,10024441,"RESISTOR, 54.9 KOHM, +/-1%, 0.063W,0402",B        ECO-R252636,1,Each,Production,,R57,,,,,,Part,BDRM,,1,,,true,false,YAGEO_RMS1,RC0402FR-0754K9L,,"RESISTOR, METAL GLAZE/THICK FILM, 0.0625 W, 1 %, 100 PPM, 54900 OHM, SURFACE MOUNT, 0402",,Active,Preferred,,ROHS EXEMPT: 7 (C)-1,RoHS3 Compliant with exemptions,Exemption 7(c)-I shown on RoHS evidence,,,https://www.digikey.ca/product-detail/en/RC0402FR-0754K9L/YAG3185CT-ND/5282050?utm_campaign=buynow&WT.z_cid=ref_octopart_dkc_buynow&utm_medium=aggregator&curr=cad&site=us&utm_source=octopart,https://www.yageo.com/upload/media/product/productsearch/datasheet/rchip/PYu-RC_Group_51_RoHS_L_10.pdf
,,,,,,,,,,,,,,,,,,,,,,,,,,true,false,VISHAY_RMS1,CRCW040254K9FKED,,THICK FILM RECTANGULAR CHIP RESISTORS,,Active,Preferred,,ROHS EXEMPT: 7 (C)-1,Yes - by exemption,Legacy Inventory Status: Cleared,,,https://www.digikey.ca/product-detail/en/CRCW040254K9FKED/541-54.9KLCT-ND/1183321?utm_campaign=buynow&WT.z_cid=ref_octopart_dkc_buynow&utm_medium=aggregator&curr=cad&site=us&utm_source=octopart,http://www.vishay.com/docs/20035/dcrcwe3.pdf
,,,,,,,,,,,,,,,,,,,,,,,,,,true,false,YAGEO_RMS1,RC0402FR-0754K9L,232270675493L,"RESISTOR, METAL GLAZE/THICK FILM, 0.0625 W, 1 %, 100 PPM, 54900 OHM, SURFACE MOUNT, 0402",,Active,Preferred,,BRAND: PHYCOMP. ROHS EXEMPT: 7 (C)-1,Yes - by exemption,Legacy Inventory Status: Cleared,,,,
1,true,true,false,false,false,0,10024442,"RESISTOR, 4.99 KOHM, +/-1%, 1/16W,0402",B        ECO-R252636,1,Each,Production,,R58,,,,,,Part,BDRM,,1,,,true,false,YAGEO_RMS1,RC0402FR-074K99L,,"RESISTOR, METAL GLAZE/THICK FILM, 0.0625 W, 1 %, 100 PPM, 4990 OHM, SURFACE MOUNT, 0402",,Active,Preferred,,ROHS EXEMPT: 7(C)-1,Yes,Legacy Inventory Status: Cleared,,,https://www.digikey.ca/product-detail/en/RC0402FR-074K99L/311-4.99KLRCT-ND/2827886?utm_campaign=buynow&WT.z_cid=ref_octopart_dkc_buynow&utm_medium=aggregator&curr=cad&site=us&utm_source=octopart,https://www.yageo.com/upload/media/product/productsearch/datasheet/rchip/PYu-RC_Group_51_RoHS_L_10.pdf
,,,,,,,,,,,,,,,,,,,,,,,,,,true,false,YAGEO_RMS1,RC0402FR-074K99L,232270674992L,"RESISTOR, METAL GLAZE/THICK FILM, 0.0625 W, 1 %, 100 PPM, 4990 OHM, SURFACE MOUNT, 0402",,Active,Preferred,,BRAND: PHYCOMP.ROHS EXEMPT: 7(C)-1,Yes - by exemption,Legacy Inventory Status: Cleared,,,,
,,,,,,,,,,,,,,,,,,,,,,,,,,true,false,VISHAY_RMS1,CRCW04024K99FKED,,RES SMD 4.99K OHM 1% 1/16W 0402,,Active,Preferred,,ROHS EXEMPT: 7(C)-1,Yes - by exemption,7(c)-I,,,https://www.digikey.ca/product-detail/en/CRCW04024K99FKED/541-4.99KLCT-ND/1183202?utm_campaign=buynow&WT.z_cid=ref_octopart_dkc_buynow&utm_medium=aggregator&curr=cad&site=us&utm_source=octopart,http://www.vishay.com/docs/20035/dcrcwe3.pdf
1,true,true,false,false,false,0,10024443,"TRANSISTOR, BIPOLAR, NPN, 45V, 100MA, SOT23",B        ECO-R252636,2,Each,Production,,"T1,T3",,,,,,Part,BDRM,,1,,,true,false,NXP SEMICONDUCTORS_RMS1,"BC847,215",,"GENERAL PURPOSE TRANSISTOR, NPN",,Active,Preferred,,,Yes,Legacy Inventory Status: Cleared,,,"https://www.digikey.ca/product-detail/en/BC847,215/1727-4855-1-ND/2531357?utm_campaign=buynow&WT.z_cid=ref_octopart_dkc_buynow&utm_medium=aggregator&curr=cad&site=us&utm_source=octopart",https://assets.nexperia.com/documents/data-sheet/BC847_SER.pdf
,,,,,,,,,,,,,,,,,,,,,,,,,,true,false,NXP SEMICONDUCTORS_RMS1,BC847,,"GENERAL PURPOSE TRANSISTOR, NPN",,Active,Preferred,,,Yes,Legacy Inventory Status: Cleared,,,https://canada.newark.com/nexperia/bc847-215/bipolar-transistor-npn-45v-100ma/dp/75R0733?CMP=AFC-OP,
1,true,true,false,false,false,0,10024444,"TRANSISTOR, BIPOLAR, PNP, 45V, 100MA, SOT23",B        ECO-R252636,2,Each,Production,,"T2,T4",,,,,,Part,BDRM,,1,,,true,false,NXP SEMICONDUCTORS_RMS1,"BC857,215",,"GENERAL PURPOSE TRANSISTOR, NPN",,Active,Preferred,,,Yes,Legacy Inventory Status: Cleared,,,https://canada.newark.com/nexperia/bc847-215/bipolar-transistor-npn-45v-100ma/dp/75R0733?CMP=AFC-OP,https://assets.nexperia.com/documents/data-sheet/BC856_BC857_BC858.pdf
,,,,,,,,,,,,,,,,,,,,,,,,,,true,false,NXP SEMICONDUCTORS_RMS1,BC857,,"GENERAL PURPOSE TRANSISTOR, PNP",,Active,Preferred,,,Yes,Legacy Inventory Status: Cleared,,,https://www.questcomp.com/part/4/bc857/111935925?utm_source=octopart&utm_medium=industry-cpc&utm_campaign=partsearch,
1,true,true,false,false,false,0,10024445,"TRANSISTOR, MOSFET, N CHANNEL, 20V, 5A, SOT23",A        ECO-R252636,5,Each,Production,,"T5,T7,T9,T10,T13",,,,,,Part,BDRM,,1,,,true,false,VISHAY_RMS1,SI2312BDS-T1-E3,,N CHANNEL MOSFET,,Active,Preferred,,,Yes,Legacy Inventory Status: Cleared,,,https://www.digikey.ca/product-detail/en/SI2312BDS-T1-E3/SI2312BDS-T1-E3CT-ND/1656844?utm_campaign=buynow&WT.z_cid=ref_octopart_dkc_buynow&utm_medium=aggregator&curr=cad&site=us&utm_source=octopart,http://www.vishay.com/docs/73235/si2312bds.pdf
1,true,true,false,false,false,0,10024446,"TRANSISTOR, MOSFET, P CHANNEL, 12V, 3.8A, SOT23",A        ECO-R252636,4,Each,Production,,"T6,T8,T11,T12",,,,,,Part,BDRM,,1,,,true,false,VISHAY_RMS1,SI2315BDS-T1-E3,,P CHANNEL MOSFET,,Active,Preferred,,,Yes,Legacy Inventory Status: Cleared,,,https://www.digikey.ca/product-detail/en/SI2315BDS-T1-E3/SI2315BDS-T1-E3CT-ND/1656846?utm_campaign=buynow&WT.z_cid=ref_octopart_dkc_buynow&utm_medium=aggregator&curr=cad&site=us&utm_source=octopart,http://www.vishay.com/docs/72014/72014.pdf
1,true,true,false,false,false,0,10025553,"DIL, SLIDE SWITCH",A        ECO-R252636,1,Each,Production,,SW1,,,,,,Part,BDRM,,1,,,true,false,APEM COMPONENTS INC,NK236,,SUBMINIATURE SLIDE SWITCH,,Active,Preferred,,,Yes,Legacy Inventory Status: Cleared,,,https://www.digikey.ca/product-detail/en/NK236/679-1860-ND/1795659?utm_campaign=buynow&WT.z_cid=ref_octopart_dkc_buynow&utm_medium=aggregator&curr=cad&site=us&utm_source=octopart,https://www.apem.com/int/index.php?controller=attachment&id_attachment=808
1,true,true,false,false,false,0,10025554,"RESISTOR, 47 KOHM +/-1% 0,063W,0402",B        ECO-R252636,2,Each,Production,,"R53,R54",,,,,,Part,BDRM,,1,,,true,false,VISHAY_RMS1,CRCW040247K0FKED,,THICK FILM RECTANGULAR CHIP,,Active,Preferred,,ROHS EXEMPT: 7(C)-1,Yes - by exemption,Legacy Inventory Status: Cleared,,,https://www.digikey.ca/product-detail/en/CRCW040247K0FKED/541-47.0KLCT-ND/1183313?utm_campaign=buynow&WT.z_cid=ref_octopart_dkc_buynow&utm_medium=aggregator&curr=cad&site=us&utm_source=octopart,http://www.vishay.com/docs/20035/dcrcwe3.pdf
,,,,,,,,,,,,,,,,,,,,,,,,,,true,false,YAGEO_RMS1,232270674703L,,"RESISTOR, METAL GLAZE/THICK FILM, 0.0625 W, 1 %, 100 PPM, 47000 OHM, SURFACE MOUNT, 0402",,Active,Preferred,,BRAND: PHYCOMP. ROHS EXEMPT: 7(C)-1,Yes - by exemption,Legacy Inventory Status: Cleared,,,https://www.questcomp.com/SearchResults.aspx?pn=232270674703l,
,,,,,,,,,,,,,,,,,,,,,,,,,,true,false,YAGEO_RMS1,RC0402FR-0747KL,,"RESISTOR, METAL GLAZE/THICK FILM, 0.0625 W, 1 %, 100 PPM, 47000 OHM, SURFACE MOUNT, 0402",,Active,Preferred,,ROHS EXEMPT: 7(C)-1,RoHS3 Compliant with exemptions,RoHS3 Compliant with exemptions,,,https://www.digikey.ca/product-detail/en/RC0402FR-0747KL/311-47.0KLRCT-ND/729563?utm_campaign=buynow&WT.z_cid=ref_octopart_dkc_buynow&utm_medium=aggregator&curr=cad&site=us&utm_source=octopart,https://www.yageo.com/upload/media/product/productsearch/datasheet/rchip/PYu-RC_Group_51_RoHS_L_10.pdf
1,true,true,false,false,false,0,10025604,"RESISTOR 33 OHM +/- 1% 0,125W,0805",B        ECO-R252636,1,Each,Production,,R36,,,,,,Part,BDRM,,1,,,true,false,VISHAY_RMS1,CRCW080533R0FKEA,,"RES, 33.0K, 1/8W, 1%, 0805 SMD",,Active,Preferred,,ROHS EXEMPT: 7(C)-1,Yes,Legacy Inventory Status: Cleared,,,https://www.digikey.ca/product-detail/en/CRCW080533R0FKEA/541-33.0CCT-ND/1180612?utm_campaign=buynow&WT.z_cid=ref_octopart_dkc_buynow&utm_medium=aggregator&curr=cad&site=us&utm_source=octopart,http://www.vishay.com/docs/20035/dcrcwe3.pdf
,,,,,,,,,,,,,,,,,,,,,,,,,,true,false,YAGEO_RMS1,RC0805FR-0733RL,,"RESISTOR, METAL GLAZE/THICK FILM, 0.125 W, 1 %, 100 PPM, 33 OHM, SURFACE MOUNT, 0805",,Active,Preferred,,ROHS EXEMPT: 7(C)-1,Yes - by exemption,Legacy Inventory Status: Cleared,,,https://www.digikey.ca/product-detail/en/RC0805FR-0733RL/311-33.0CRCT-ND/730809?utm_campaign=buynow&WT.z_cid=ref_octopart_dkc_buynow&utm_medium=aggregator&curr=cad&site=us&utm_source=octopart,https://www.yageo.com/upload/media/product/productsearch/datasheet/rchip/PYu-RC_Group_51_RoHS_L_10.pdf
,,,,,,,,,,,,,,,,,,,,,,,,,,true,false,YAGEO_RMS1,RC0805FR-0733RL,232273463309L,"RESISTOR, METAL GLAZE/THICK FILM, 0.125 W, 1 %, 100 PPM, 33 OHM, SURFACE MOUNT, 0805",,Active,Preferred,,BRAND: PHYCOMP.ROHS EXEMPT: 7(C)-1,Yes - by exemption,Legacy Inventory Status: Cleared,,,https://www.digikey.ca/product-detail/en/RC0805FR-0733RL/311-33.0CRCT-ND/730809?utm_campaign=buynow&WT.z_cid=ref_octopart_dkc_buynow&utm_medium=aggregator&curr=cad&site=us&utm_source=octopart,
1,true,true,false,false,false,0,10025605,"DIODE ZENER 0,35W 6,8V 2%",B        ECO-R252636,1,Each,Production,,D15,,,,,,Part,BDRM,,1,,,true,false,VISHAY_RMS1,BZX84B6V8-E3-08,,VOLTAGE REGULATOR DIODE,,Active,Preferred,,,Yes,Legacy Inventory Status: Cleared,,,https://www.digikey.com/products/en?keywords=112-BZX84B6V8-E3-08CT-ND,https://www.digikey.com/products/en?keywords=112-BZX84B6V8-E3-08CT-ND
,,,,,,,,,,,,,,,,,,,,,,,,,,true,false,ON SEMICONDUCTOR_RMS1,BZX84B6V8LT1G,,VOLTAGE REGULATOR DIODE,,Active,Preferred,,,Yes,Legacy Inventory Status: Cleared,,,https://www.digikey.ca/product-detail/en/BZX84B6V8LT1G/BZX84B6V8LT1GOSCT-ND/2704975?utm_campaign=buynow&WT.z_cid=ref_octopart_dkc_buynow&utm_medium=aggregator&curr=cad&site=us&utm_source=octopart,https://www.onsemi.com/pub/Collateral/BZX84C2V4LT1-D.PDF
,,,,,,,,,,,,,,,,,,,,,,,,,,true,false,NXP SEMICONDUCTORS_RMS1,"BZX84-B6V8,215",,VOLTAGE REGULATOR DIODE,,Active,Preferred,,,Yes,Legacy Inventory Status: Cleared,,,"https://www.digikey.ca/product-detail/en/BZX84-B6V8,215/1727-5016-1-ND/2531597?utm_campaign=buynow&WT.z_cid=ref_octopart_dkc_buynow&utm_medium=aggregator&curr=cad&site=us&utm_source=octopart",https://assets.nexperia.com/documents/data-sheet/BZX84_SER.pdf
1,true,true,true,false,false,0,10095973,"CAPACITOR ARRAY, 47PF, 50V, +/-10%,NPO,0612",A        ECO-R252633,1,Each,Production,,C1,,,,,,Part,BDRM,,1,,,true,false,YAGEO_RMS1,CA0612JRNPO9BN470,225514611532,"ISOLATED C NETWORK, 50V, C0G, 0.000047UF, SURFACE MOUNT, CHIP-8",,Active,Preferred,,BRAND: PHYCOMP,Yes,Legacy Inventory Status: Cleared,,,,
1,true,true,false,false,false,0,10098981,"CAPACITOR,100PF,50V,+/-5%,C0G,0402",A        ECO-R252636,2,Each,Production,,"C27,C28",,,,,,Part,BDRM,,1,,,true,false,"MURATA MANUFACTURING CO., LTD.",GRM1555C1H101JZ01D,,MONOLITHIC CERAMIC CAPACTIOR,,Active,Preferred,,,Yes,Legacy Inventory Status: Cleared,,,https://www.voyagercomponents.com/part-detail/GRM1555C1H101JZ01D,
,,,,,,,,,,,,,,,,,,,,,,,,,,true,false,YAGEO/PHYCOMP_RMS1,CC0402JRNPO9BN101,223886915101,SURFACE MOUNT CERAMIC MULTILAYER CAPACITOR,,Active,Preferred,,,Yes,Legacy Inventory Status: Cleared,,,https://www.questcomp.com/SearchResults.aspx?pn=223886915101,
,,,,,,,,,,,,,,,,,,,,,,,,,,true,false,YAGEO/PHYCOMP_RMS1,CC0402JRNPO9BN101,,MULTILAYER CAPACITOR,,Active,Preferred,,,Yes,Legacy Inventory Status: Cleared,,,https://www.digikey.ca/product-detail/en/CC0402JRNPO9BN101/311-1024-1-ND/302941?utm_campaign=buynow&WT.z_cid=ref_octopart_dkc_buynow&utm_medium=aggregator&curr=cad&site=us&utm_source=octopart,https://www.yageo.com/upload/media/product/productsearch/datasheet/mlcc/UPY-GP_NP0_16V-to-50V_18.pdf
1,true,true,false,false,false,0,10099021,"CAPACITOR CERAMIC,X7R,1UF,25V,+/10%, 0805",A        ECO-R252636,1,Each,Production,,C24,,,,,,Part,BDRM,,1,,,true,false,TDK_RMS1,C2012X7R1E105K125AB,,"CAP, CERAMIC, X7R, 1UF, 25V, +/10% 0805",,Active,Preferred,,,Yes,Legacy Inventory Status: Cleared,,,https://www.digikey.com/product-detail/en/tdk-corporation/C2012X7R1E105K125AB/445-1354-2-ND/513887,https://product.tdk.com/info/en/catalog/datasheets/mlcc_commercial_general_en.pdf
,,,,,,,,,,,,,,,,,,,,,,,,,,true,false,KEMET_RMS1,C0805C105K3RACTU,,"CAP, CERAMIC, X7R, 1UF, 25V, +/10% 0805",,Active,Preferred,,,Yes,Legacy Inventory Status: Cleared,,,https://www.digikey.com/product-detail/en/kemet/C0805C105K3RACTU/399-8004-2-ND/2211765,https://content.kemet.com/datasheets/KEM_C1002_X7R_SMD.pdf
,,,,,,,,,,,,,,,,,,,,,,,,,,true,false,AVX_RMS1,08053C105KAZ2A,,X7R DIELECTRIC,,Active,Preferred,,,Yes,Legacy Inventory Status: Cleared,,,https://www.digikey.ca/product-detail/en/08053C105KAZ2A/478-3558-1-ND/1024911?utm_campaign=buynow&WT.z_cid=ref_octopart_dkc_buynow&utm_medium=aggregator&curr=cad&site=us&utm_source=octopart,http://datasheets.avx.com/FlexitermMLCC.pdf
1,true,true,false,false,false,0,10099024,"FERRITE, 1K AT 100MHZ, 0.8 OHM, 50MA",A        ECO-R252636,1,Each,Production,,FI1,,,,,,Part,BDRM,,1,,,true,false,TAIYO YUDEN_RMS1,BK32164M102-T,,"FERRITE x4 , 1K AT 100MHZ, 0.8 OHM, 100MA 1206",,Active,Preferred,,Replacement: https://www.digikey.com/product-detail/en/taiyo-yuden/BK32164M102-T/587-2688-2-ND/1169438,Yes,Legacy Inventory Status: Cleared,,,https://www.digikey.com/product-detail/en/taiyo-yuden/BK32164M102-T/587-2688-2-ND/1169438,https://www.yuden.co.jp/productdata/catalog/mlci09_e.pdf
,,,,,,,,,,,,,,,,,,,,,,,,,,true,false,VISHAY_RMS1,ILAS-1206-ER-102V,,,,Active,Alternate,,,Yes,Legacy Inventory Status: Cleared,,,https://www.digikey.ca/product-detail/en/ILAS1206ER102V/541-4357-1-ND/8565970?utm_campaign=buynow&WT.z_cid=ref_octopart_dkc_buynow&utm_medium=aggregator&curr=cad&site=us&utm_source=octopart,http://www.vishay.com/docs/34103/ilas1206.pdf
1,true,true,false,false,false,0,10099025,VOLTAGE COMPARATOR,A        ECO-R252636,1,Each,Production,,IC1,,,,,,Part,BDRM,,1,,,true,false,NATIONAL SEMICONDUCTOR_RMS1,LMC7211AIM5 NOPB,,TINY CMOS COMPARATOR,,Active,Preferred,,,Yes,Legacy Inventory Status: Cleared,,,https://www.digikey.ca/product-detail/en/LMC7211AIM5-NOPB/LMC7211AIM5-NOPBCT-ND/67155?utm_campaign=buynow&WT.z_cid=ref_octopart_dkc_buynow&utm_medium=aggregator&curr=cad&site=us&utm_source=octopart,http://www.ti.com/general/docs/suppproductinfo.tsp?distId=10&gotoUrl=http%3A%2F%2Fwww.ti.com%2Flit%2Fgpn%2Flmc7211-n
,,,,,,,,,,,,,,,,,,,,,,,,,,true,false,NATIONAL SEMICONDUCTOR_RMS1,LMC7211BIM5 NOPB,,TINY CMOS COMPARATOR,,Active,Preferred,,,Yes,Legacy Inventory Status: Cleared,,,https://www.digikey.ca/product-detail/en/LMC7211BIM5-NOPB/LMC7211BIM5-NOPBCT-ND/141742?utm_campaign=buynow&WT.z_cid=ref_octopart_dkc_buynow&utm_medium=aggregator&curr=cad&site=us&utm_source=octopart,http://www.ti.com/general/docs/suppproductinfo.tsp?distId=10&gotoUrl=http%3A%2F%2Fwww.ti.com%2Flit%2Fgpn%2Flmc7211-n
1,true,true,false,false,false,0,10099026,"IC,ADJUSTABLE REGULATOR,0.1A",A        ECO-R252636,1,Each,Production,,IC5,,,,,,Part,BDRM,,1,,,true,false,NATIONAL SEMICONDUCTOR_RMS1,LM317LM NOPB,,3 TERMINAL ADJUSTABLE REGULATOR,,Active,Preferred,,,Yes,Legacy Inventory Status: Cleared,,,https://www.digikey.ca/product-detail/en/LM317LM-NOPB/LM317LM-NOPB-ND/32591?utm_campaign=buynow&WT.z_cid=ref_octopart_dkc_buynow&utm_medium=aggregator&curr=cad&site=us&utm_source=octopart,http://www.ti.com/general/docs/suppproductinfo.tsp?distId=10&gotoUrl=http%3A%2F%2Fwww.ti.com%2Flit%2Fgpn%2Flm317l-n
,,,,,,,,,,,,,,,,,,,,,,,,,,true,false,NATIONAL SEMICONDUCTOR_RMS1,LM317LMX/NOPB,,,,Active,Preferred,,,Yes,Legacy Inventory Status: Cleared,,,https://www.digikey.ca/product-detail/en/LM317LMX-NOPB/LM317LMX-NOPBCT-ND/1010529?utm_campaign=buynow&WT.z_cid=ref_octopart_dkc_buynow&utm_medium=aggregator&curr=cad&site=us&utm_source=octopart,http://www.ti.com/general/docs/suppproductinfo.tsp?distId=10&gotoUrl=http%3A%2F%2Fwww.ti.com%2Flit%2Fgpn%2Flm317l-n
,,,,,,,,,,,,,,,,,,,,,,,,,,true,false,ON SEMICONDUCTOR_RMS1,LM317LBDG,,"100 MA ADJUSTABLE OUTPUT,POSITIVE VOLTAGE REGULATOR",,Active,Preferred,,,Yes,Legacy Inventory Status: Cleared,,,https://www.digikey.ca/product-detail/en/LM317LBDG/LM317LBDGOS-ND/918501?utm_campaign=buynow&WT.z_cid=ref_octopart_dkc_buynow&utm_medium=aggregator&curr=cad&site=us&utm_source=octopart,"https://media.digikey.com/pdf/Data%20Sheets/ON%20Semiconductor%20PDFs/LM317L,NCV317L.pdf"
,,,,,,,,,,,,,,,,,,,,,,,,,,true,false,ON SEMICONDUCTOR_RMS1,LM317LBDR2G,,"100 MA ADJUSTABLE OUTPUT,POSITIVE VOLTAGE REGULATOR",,Active,Preferred,,TAPE & REEL,Yes,Legacy Inventory Status: Cleared,,,https://www.digikey.ca/product-detail/en/LM317LBDR2G/LM317LBDR2GOSCT-ND/2120652?utm_campaign=buynow&WT.z_cid=ref_octopart_dkc_buynow&utm_medium=aggregator&curr=cad&site=us&utm_source=octopart,http://www.onsemi.com/pub/Collateral/LM317L-D.PDF
1,true,true,false,false,false,0,10099028,"CONNECTOR,FEMALE 7-PIN CPU",A        ECO-R252636,1,Each,Production,,J2,,,,,,Part,BDRM,,1,,,true,false,J.S.T. CORPORATION,ZHR-7,,CONNECTOR,,Active,Preferred,,,Yes,Legacy Inventory Status: Cleared,,,https://www.digikey.ca/product-detail/en/ZHR-7/455-1200-ND/608641?utm_campaign=buynow&WT.z_cid=ref_octopart_dkc_buynow&utm_medium=aggregator&curr=cad&site=us&utm_source=octopart,http://www.jst-mfg.com/product/pdf/eng/eZH.pdf
1,true,false,false,false,false,0,10125624,SCHEMATIC DIAGRAM BUZZER CARD,A        ECO-R256396,1,,Production,,,,,,,,Document,BDRM,,1,,,,,,,,,,,,,,,,,,,
1,true,true,false,false,false,0,GR106771,"PRINTED CIRCUIT, BUZZER BOARD RB0505",A        MC002637,1,Each,Production,,,,,,,,Part,BDRM,,1,,,true,false,TTM,GR106771,,,,Active,Preferred,,,Yes,Legacy Inventory Status: Cleared,,,,
1,true,true,false,false,false,1,10099027,"CONNECTOR, CRIMP",A        ECO-R252636,7,Each,Production,,,,,,,,Part,BDRM,,1,,,true,false,J.S.T. CORPORATION,SZH-002T-P0.5,,CONNECTOR CONTACT,,Active,Preferred,,,Yes,Legacy Inventory Status: Cleared,,,https://www.digikey.ca/product-detail/en/SZH-002T-P0.5/455-1130-1-ND/527362?utm_campaign=buynow&WT.z_cid=ref_octopart_dkc_buynow&utm_medium=aggregator&curr=cad&site=us&utm_source=octopart,http://www.jst-mfg.com/product/pdf/eng/eZH.pdf
1,false,true,false,false,false,2,10022165,"WHITE CABLE, LENGTH 60 MM, FOR J1",B        EC062254,7,Each,Production,,,,,,,,Part,BDRM,,1,,,true,false,AXON,ET2607L,,UNSCREENED HOOKUP WIRES,,Active,Preferred,,,Yes,Cleared,,,,
,,,,,,,,,,,,,,,,,,,,,,,,,,true,false,NEXANS,KZ04-04,,UNSCREENED HOOKUP WIRES,,Active,Preferred,,,Yes,Legacy Inventory Status: Cleared,,,,
1,true,true,false,false,false,3,10022161,ADHESIVE,A        ECO-R252636,1,Each,Production,,,,,,,,Part,BDRM,,1,,,true,false,3M_RMS1,7838 B/A,,STRUCTURAL ADHESIVE,,Active,Preferred,,,Yes,Legacy Inventory Status: Cleared,,,,
1,true,true,true,false,false,4,3838600,PC BOARD TRACABILITY LABEL,C        ECO-R252633,1,Each,Production,,,,,,,,Part,BDRM,,1,,,true,false,BRADY_RMS1,3838600-H,,"B-727 LABEL, POLYIMIDE, GLOSSY WHITE THERMAL TRANSFER PRINTABLE LABEL STOCK",,Active,Preferred,,CUSTOM LABEL PER COVIDIEN DRAWING 3838600,Yes,Legacy Inventory Status: Cleared,,,,